framenumber,focal_fx,skew_s,principal_cx,principal_cy,rotation_r11,rotation_r12,rotation_r13,rotation_r21,rotation_r22,rotation_r23,rotation_r31,rotation_r32,rotation_r33,translation_t1,translation_t2,translation_t3
0,0.962,-0.0308,0.271,-0.676,-0.035,0.971,0.235,-0.483,-0.27,-0.235,0.934,-0.284,0.0,0.000000000000000000e+00.1,0.000000000000000000e+00.2,1.0
1,0.96222436,-0.030430157,0.27046442,-0.67643517,-0.035976086,0.97077227,0.23721237,-0.48493409,-0.2697829,-0.23798606,0.9330228,-0.28247821,0.0,0,0,1.0
2,0.96132863,-0.027993055,0.27388978,-0.6762253,-0.039108459,0.97082716,0.23649016,-0.48713139,-0.27252486,-0.23806043,0.93220615,-0.27777532,0.0,0,0,1.0
3,0.8643918,0.13030855,0.48557088,-0.5526945,-0.013862519,0.97160953,-0.23606102,-0.70315307,-0.50256085,0.19732811,0.84168321,0.33078033,0.0,0,0,1.0
4,0.86338782,0.1311278,0.48713365,-0.55236781,-0.012965451,0.97104925,-0.23840544,-0.70844221,-0.50430715,0.19953068,0.84011781,0.34455031,0.0,0,0,1.0
5,0.86249208,0.12843351,0.48943272,-0.55202627,-0.009642707,0.97122067,-0.23786415,-0.71203566,-0.50591171,0.20044677,0.83893412,0.3501963,0.0,0,0,1.0
6,0.86229539,0.12502369,0.49066049,-0.5517028,-0.006451783,0.97164357,-0.23623905,-0.7163831,-0.50629747,0.20055251,0.8386761,0.36095577,0.0,0,0,1.0
7,0.86227357,0.12493349,0.49072179,-0.55029261,-0.007818595,0.97222847,-0.23377842,-0.71753722,-0.50631523,0.1977544,0.83932936,0.36522201,0.0,0,0,1.0
8,0.86178792,0.1300074,0.49025622,-0.5487743,-0.013653199,0.97215968,-0.23379575,-0.72491282,-0.50701749,0.19479892,0.83959639,0.37353992,0.0,0,0,1.0
9,0.8648625,0.13332938,0.48390773,-0.54452884,-0.016233137,0.97097325,-0.23851217,-0.72729218,-0.5016771,0.19843528,0.84194928,0.38094413,0.0,0,0,1.0
10,0.86488014,0.13894756,0.4822931,-0.54293013,-0.021262698,0.97016954,-0.24136992,-0.72713464,-0.50145864,0.19851156,0.84206128,0.38546708,0.0,0,0,1.0
11,0.86549461,0.14076455,0.48066121,-0.53723586,-0.026548898,0.97120976,-0.23661578,-0.7302112,-0.50014472,0.19203877,0.84434044,0.39171249,0.0,0,0,1.0
12,0.86713362,0.13966203,0.47802144,-0.5344432,-0.027430175,0.97178036,-0.23415954,-0.73488283,-0.49724969,0.18994541,0.84652102,0.39476991,0.0,0,0,1.0
13,0.96103716,-0.028199054,0.27488944,-0.67657954,-0.038732704,0.97119439,0.23504022,-0.48719531,-0.27360409,-0.23653382,0.93227863,-0.27764452,0.0,0,0,1.0
14,0.86918163,0.14036635,0.47407898,-0.52878398,-0.029989343,0.9720282,-0.23281343,-0.73635572,-0.49351186,0.18814982,0.84910536,0.39756313,0.0,0,0,1.0
15,0.87227416,0.13894576,0.46878764,-0.51721841,-0.031035863,0.97254556,-0.23050396,-0.73861039,-0.4879593,0.18652336,0.85266566,0.40463969,0.0,0,0,1.0
16,0.87396312,0.13838091,0.46579951,-0.51127595,-0.030219544,0.9721877,-0.23211606,-0.73873574,-0.48497936,0.18879466,0.85386509,0.40819296,0.0,0,0,1.0
17,0.87748355,0.13670832,0.45963392,-0.49955162,-0.027795695,0.97136271,-0.23584254,-0.74144942,-0.47872713,0.19418235,0.85618198,0.41476673,0.0,0,0,1.0
18,0.8792851,0.13885157,0.45553005,-0.4932752,-0.029084889,0.97039419,-0.23964378,-0.74114794,-0.47533286,0.19747654,0.85731894,0.41881335,0.0,0,0,1.0
19,0.88249451,0.14594106,0.44702804,-0.47601411,-0.032084476,0.96706653,-0.25237423,-0.7363975,-0.46915171,0.20838708,0.85814071,0.4277764,0.0,0,0,1.0
20,0.88384581,0.14872469,0.44342589,-0.4697158,-0.03341148,0.96572208,-0.25730139,-0.73925608,-0.46650741,0.21261033,0.85854614,0.43099156,0.0,0,0,1.0
21,0.88510692,0.15207089,0.43976,-0.46020737,-0.035703655,0.96447027,-0.26165232,-0.74073434,-0.46393934,0.21590054,0.85911644,0.43447423,0.0,0,0,1.0
22,0.88856912,0.1519682,0.43275702,-0.44160858,-0.032792166,0.96212256,-0.27052549,-0.73802453,-0.45749074,0.2262014,0.85992366,0.44347149,0.0,0,0,1.0
23,0.89013547,0.15536158,0.42830974,-0.43134207,-0.03630266,0.96123469,-0.27321932,-0.74763995,-0.45416817,0.22766542,0.86129731,0.44337797,0.0,0,0,1.0
24,0.96116841,-0.028699385,0.27437779,-0.67653435,-0.037842855,0.97143805,0.23417628,-0.48820391,-0.27326682,-0.23547029,0.93264657,-0.27695629,0.0,0,0,1.0
25,0.88933021,0.16074502,0.42799562,-0.42278078,-0.041299418,0.9605431,-0.27493611,-0.75097704,-0.4553172,0.22684512,0.86090696,0.4469752,0.0,0,0,1.0
26,0.89130956,0.15964642,0.42427272,-0.40080443,-0.04066081,0.96028942,-0.27591488,-0.75123334,-0.45148784,0.22868656,0.8624351,0.45228097,0.0,0,0,1.0
27,0.89275283,0.16113725,0.42065933,-0.39180103,-0.043410759,0.96023327,-0.275691,-0.75675267,-0.44836956,0.22787504,0.86427474,0.45413351,0.0,0,0,1.0
28,0.89326698,0.16518746,0.41798815,-0.38119537,-0.04777569,0.95961142,-0.27712995,-0.76348197,-0.44689912,0.22759362,0.86510998,0.45529836,0.0,0,0,1.0
29,0.89410013,0.16708426,0.41544476,-0.36181504,-0.050737314,0.95957643,-0.2767241,-0.76870382,-0.44490176,0.22635274,0.86646384,0.45929748,0.0,0,0,1.0
30,0.89446312,0.16864859,0.41402909,-0.35250717,-0.052186109,0.95914543,-0.27794588,-0.77071005,-0.44400379,0.227018,0.86675036,0.46137702,0.0,0,0,1.0
31,0.89459091,0.16973594,0.41330755,-0.34302792,-0.053042363,0.95880777,-0.27894628,-0.77123147,-0.4436442,0.22763237,0.86677307,0.46326497,0.0,0,0,1.0
32,0.89572448,0.16498692,0.41277486,-0.32459331,-0.049813021,0.95994961,-0.27559367,-0.77234703,-0.44172698,0.22630686,0.86809826,0.46587947,0.0,0,0,1.0
33,0.896837,0.16350947,0.41094285,-0.31553507,-0.049415722,0.96035099,-0.27426302,-0.77433127,-0.43950847,0.22567463,0.86938781,0.46743706,0.0,0,0,1.0
34,0.89611346,0.16492249,0.41195488,-0.31454641,-0.049857344,0.9598816,-0.27582142,-0.77241647,-0.44093168,0.22664081,0.868415,0.47231323,0.0,0,0,1.0
35,0.96094477,-0.029603364,0.27506405,-0.67522174,-0.036576562,0.97191727,0.23238155,-0.48878002,-0.27422389,-0.23337089,0.93289316,-0.27611396,0.0,0,0,1.0
36,0.89570028,0.1678898,0.41165459,-0.30659464,-0.052451901,0.95936477,-0.27713552,-0.76640558,-0.4414697,0.22665079,0.86813897,0.47609013,0.0,0,0,1.0
37,0.89611095,0.17241821,0.40887934,-0.29218397,-0.057710998,0.95885623,-0.27784851,-0.77358299,-0.4399772,0.2253987,0.86922175,0.47616747,0.0,0,0,1.0
38,0.89739621,0.17183962,0.40629572,-0.2860541,-0.058837812,0.95937914,-0.27579972,-0.77733666,-0.43719941,0.22360843,0.87108362,0.47544566,0.0,0,0,1.0
39,0.89727777,0.17244591,0.40630046,-0.28098223,-0.061332867,0.96027458,-0.27211517,-0.77768928,-0.4370997,0.21925552,0.87223941,0.47761953,0.0,0,0,1.0
40,0.89738429,0.17073831,0.40678576,-0.27482253,-0.060635775,0.96102852,-0.26959771,-0.78010714,-0.43697807,0.21727911,0.87279463,0.47912997,0.0,0,0,1.0
41,0.89774275,0.17092469,0.40591544,-0.26249015,-0.058561705,0.95973778,-0.27460709,-0.78098726,-0.4365243,0.22276783,0.87163711,0.48224518,0.0,0,0,1.0
42,0.89772326,0.17219226,0.40542224,-0.25655624,-0.059813134,0.95952415,-0.27508286,-0.78098142,-0.43639433,0.22271121,0.87171656,0.4845469,0.0,0,0,1.0
43,0.89753634,0.16952997,0.40695488,-0.25306857,-0.058551796,0.96073896,-0.27108511,-0.78279316,-0.43694919,0.21949323,0.87225443,0.48641551,0.0,0,0,1.0
44,0.89947706,0.16467834,0.40465543,-0.24092919,-0.056450628,0.96225363,-0.26611292,-0.78673619,-0.43321884,0.21653175,0.87485129,0.49175397,0.0,0,0,1.0
45,0.90016097,0.16165131,0.40435457,-0.2367893,-0.055309772,0.96344048,-0.26202628,-0.78701007,-0.43194318,0.21351333,0.87622267,0.49447474,0.0,0,0,1.0
46,0.96007651,-0.030071368,0.27802953,-0.6778475,-0.036027625,0.97259802,0.22960283,-0.48911309,-0.27732053,-0.2304571,0.93270218,-0.275049,0.0,0,0,1.0
47,0.90088362,0.1589544,0.40381339,-0.23123381,-0.054941244,0.96476442,-0.2571874,-0.78912884,-0.43048069,0.20952201,0.87790418,0.49768442,0.0,0,0,1.0
48,0.90061027,0.15607852,0.40554103,-0.22274901,-0.054392133,0.9663893,-0.25113201,-0.79073089,-0.43112168,0.20412579,0.87886024,0.50561982,0.0,0,0,1.0
49,0.90027928,0.15371829,0.40717396,-0.21722946,-0.052781142,0.96717751,-0.24842688,-0.79165471,-0.43201208,0.20217438,0.87887388,0.50987458,0.0,0,0,1.0
50,0.90008211,0.1528738,0.40792629,-0.2098294,-0.052181143,0.96746665,-0.24742424,-0.79015779,-0.43249485,0.201428,0.87880754,0.51516086,0.0,0,0,1.0
51,0.89805102,0.15400043,0.41195893,-0.19939084,-0.052922972,0.96769434,-0.24637331,-0.79648978,-0.43660718,0.19946553,0.87722015,0.52214855,0.0,0,0,1.0
52,0.89670569,0.15315484,0.41519183,-0.19452389,-0.050864935,0.96762562,-0.24707519,-0.80304611,-0.43960643,0.20044686,0.87549692,0.52550328,0.0,0,0,1.0
53,0.89624977,0.15423955,0.41577435,-0.18797235,-0.051105518,0.96721262,-0.24863739,-0.80623925,-0.44050735,0.20160472,0.87477785,0.52989662,0.0,0,0,1.0
54,0.89461875,0.15785623,0.41792339,-0.17477609,-0.05604982,0.96772981,-0.24553972,-0.80877864,-0.44321257,0.19625162,0.87462854,0.54286319,0.0,0,0,1.0
55,0.89438885,0.15755762,0.41852736,-0.16818245,-0.056389369,0.96811336,-0.24394457,-0.81130403,-0.44363305,0.19459249,0.87478602,0.54924327,0.0,0,0,1.0
56,0.89428872,0.15771765,0.41868094,-0.16133016,-0.057127487,0.96836829,-0.24275801,-0.81285572,-0.4437404,0.19318919,0.8750425,0.55664337,0.0,0,0,1.0
57,0.95993322,-0.030987836,0.27842304,-0.67608237,-0.034601476,0.97311991,0.22760223,-0.49145713,-0.27799705,-0.22812076,0.93307483,-0.27451897,0.0,0,0,1.0
58,0.89333242,0.1608084,0.41954541,-0.14657056,-0.06134836,0.96863908,-0.24063809,-0.81782568,-0.44510061,0.18924288,0.87521392,0.57137901,0.0,0,0,1.0
59,0.89312404,0.16217032,0.41946459,-0.13925578,-0.063373163,0.96876657,-0.23959792,-0.82150531,-0.44523489,0.1874193,0.87553781,0.57848531,0.0,0,0,1.0
60,0.8936221,0.16122466,0.41876748,-0.13254224,-0.063207708,0.96911669,-0.23822159,-0.8217963,-0.44425759,0.18642214,0.87624675,0.58673197,0.0,0,0,1.0
61,0.89455074,0.16062781,0.41700977,-0.11890003,-0.063729696,0.96945328,-0.23670779,-0.82971174,-0.44230917,0.1851826,0.87749416,0.60267627,0.0,0,0,1.0
62,0.89623487,0.1584696,0.41420949,-0.10872332,-0.062411282,0.96972293,-0.23595354,-0.83193403,-0.43907556,0.18562989,0.87902212,0.61026573,0.0,0,0,1.0
63,0.89669424,0.15932342,0.41288555,-0.10366208,-0.063600123,0.96962774,-0.2360273,-0.8378346,-0.43796563,0.18539618,0.87962484,0.61808538,0.0,0,0,1.0
64,0.89775586,0.15919922,0.41061953,-0.096029781,-0.064199388,0.96969491,-0.23558798,-0.840442,-0.43569681,0.18515044,0.88080245,0.62624258,0.0,0,0,1.0
65,0.89968884,0.16080578,0.40573373,-0.08380755,-0.066112354,0.96910405,-0.2374825,-0.84796619,-0.43140233,0.18684785,0.88255608,0.64104331,0.0,0,0,1.0
66,0.89976674,0.16251262,0.40487993,-0.077622935,-0.067489676,0.96867919,-0.23882465,-0.85509384,-0.43102628,0.18757279,0.882586,0.64745593,0.0,0,0,1.0
67,0.90045589,0.15950117,0.40454522,-0.070831604,-0.063250035,0.96841878,-0.24103072,-0.85710955,-0.43022931,0.19146173,0.88213962,0.65414655,0.0,0,0,1.0
68,0.95991653,-0.032860812,0.27826571,-0.67477536,-0.031439368,0.97417861,0.22349557,-0.49308324,-0.2784299,-0.22328942,0.93411386,-0.27392682,0.0,0,0,1.0
69,0.90199703,0.1571079,0.40204027,-0.064675614,-0.060600664,0.9682458,-0.24240184,-0.86020011,-0.42737246,0.19429366,0.88290882,0.65998983,0.0,0,0,1.0
70,0.90360886,0.1566328,0.39859101,-0.057883158,-0.060960446,0.96825194,-0.24228707,-0.86154097,-0.42390198,0.19464634,0.88450277,0.66682774,0.0,0,0,1.0
71,0.90553868,0.15688281,0.39408752,-0.046582844,-0.061316568,0.96771365,-0.24433899,-0.8686586,-0.41971171,0.1971063,0.88595498,0.67744577,0.0,0,0,1.0
72,0.90661073,0.1554302,0.39219329,-0.040616538,-0.060473159,0.96790433,-0.24379262,-0.87285876,-0.41751364,0.19731987,0.88694543,0.68178314,0.0,0,0,1.0
73,0.90701139,0.15367925,0.39195678,-0.035253316,-0.059697963,0.96850604,-0.24158385,-0.87629604,-0.41675428,0.19573224,0.88765401,0.68620926,0.0,0,0,1.0
74,0.90629017,0.15117732,0.39458907,-0.03143087,-0.058527589,0.96968907,-0.23708187,-0.87924093,-0.41848552,0.19178241,0.88770145,0.69026285,0.0,0,0,1.0
75,0.90651959,0.14575319,0.39609978,-0.02499211,-0.054098234,0.97083312,-0.2334232,-0.88131547,-0.41858447,0.19018616,0.88799804,0.69278663,0.0,0,0,1.0
76,0.90615547,0.14272051,0.39803234,-0.013260672,-0.051466003,0.97151285,-0.2311787,-0.88316309,-0.41970313,0.18901043,0.88772082,0.69892645,0.0,0,0,1.0
77,0.90665841,0.14343232,0.39662844,-0.008157883,-0.052053623,0.97123063,-0.23222995,-0.88697374,-0.41854271,0.18991904,0.88807464,0.70023108,0.0,0,0,1.0
78,0.90671945,0.14379725,0.3963564,-0.002248247,-0.053099979,0.97147417,-0.23097029,-0.88496798,-0.41827866,0.18839039,0.88852435,0.70290506,0.0,0,0,1.0
79,0.95960265,-0.033425599,0.27927893,-0.67436165,-0.029347517,0.97557771,0.21759939,-0.49383312,-0.27973685,-0.21700872,0.9352029,-0.27336571,0.0,0,0,1.0
80,0.90648216,0.14182365,0.39760804,0.00176338,-0.052499,0.97240561,-0.22715527,-0.89194638,-0.41886815,0.18504971,0.88894826,0.70346755,0.0,0,0,1.0
81,0.90756989,0.14010601,0.39573127,0.015513021,-0.051958624,0.97287256,-0.22527233,-0.89455545,-0.41657394,0.18390021,0.89026392,0.70564765,0.0,0,0,1.0
82,0.90785599,0.13965039,0.39523569,0.022388937,-0.052172385,0.97315395,-0.22400406,-0.89608634,-0.41592318,0.18275446,0.89080381,0.70566326,0.0,0,0,1.0
83,0.9081437,0.13714491,0.39545178,0.028730586,-0.050679125,0.97384077,-0.22134566,-0.89568198,-0.41547936,0.18098387,0.8913722,0.707398,0.0,0,0,1.0
84,0.90954405,0.13736509,0.39214304,0.038564742,-0.050576381,0.97332269,-0.22363593,-0.89662069,-0.41241732,0.18358503,0.8922618,0.70777208,0.0,0,0,1.0
85,0.91037256,0.14044397,0.38911822,0.045955893,-0.052377142,0.97213745,-0.22832717,-0.89770627,-0.41035935,0.18749356,0.89239782,0.70783454,0.0,0,0,1.0
86,0.9137668,0.14660722,0.37875044,0.067383699,-0.057515863,0.96985465,-0.23664586,-0.89389777,-0.40204257,0.19446702,0.89468813,0.70862132,0.0,0,0,1.0
87,0.91605884,0.15211485,0.3709617,0.077721089,-0.062546708,0.96809238,-0.24251243,-0.89376855,-0.39603052,0.19896549,0.89637876,0.70858979,0.0,0,0,1.0
88,0.91806751,0.15810774,0.36341271,0.087975129,-0.06949535,0.96696031,-0.24512219,-0.89258379,-0.39017692,0.1997956,0.89875793,0.70864725,0.0,0,0,1.0
89,0.92061245,0.16261792,0.35488424,0.098033547,-0.077760853,0.96724433,-0.24149185,-0.89536572,-0.38254598,0.19473648,0.9031381,0.70759714,0.0,0,0,1.0
90,0.95849192,-0.034584716,0.28292811,-0.6757977,-0.027507177,0.97673696,0.21258152,-0.49466181,-0.28370363,-0.21154368,0.93526006,-0.27098182,0.0,0,0,1.0
91,0.92205232,0.16931584,0.34794533,0.10848224,-0.087143451,0.96691895,-0.23958308,-0.89449394,-0.37701526,0.19059899,0.90634066,0.70853853,0.0,0,0,1.0
92,0.92454624,0.17956182,0.33598503,0.1321927,-0.0994201,0.9650836,-0.24218792,-0.89935201,-0.36775622,0.1905223,0.91015267,0.70632631,0.0,0,0,1.0
93,0.92597544,0.18206318,0.33066064,0.1431628,-0.10297995,0.96457851,-0.24271147,-0.89615726,-0.36315176,0.19070549,0.91196114,0.7065748,0.0,0,0,1.0
94,0.92736948,0.18371013,0.32580689,0.15275657,-0.10585009,0.96433216,-0.24245423,-0.89814883,-0.35874212,0.19037004,0.91377455,0.70512134,0.0,0,0,1.0
95,0.92874753,0.18447113,0.32142195,0.1636017,-0.10841132,0.96457869,-0.24033217,-0.89886856,-0.35438579,0.18837412,0.91588569,0.70428675,0.0,0,0,1.0
96,0.93194199,0.18558341,0.31137845,0.18455517,-0.11316682,0.96499598,-0.23643324,-0.90076458,-0.34437129,0.1851162,0.92035896,0.70202368,0.0,0,0,1.0
97,0.9323473,0.18963166,0.30770412,0.19366901,-0.11795653,0.96431488,-0.2368703,-0.89966381,-0.34165597,0.18456154,0.92148155,0.70120138,0.0,0,0,1.0
98,0.93332511,0.18885143,0.30520853,0.20139574,-0.11833615,0.96471339,-0.23504986,-0.90265512,-0.33884248,0.18327259,0.9227764,0.69947964,0.0,0,0,1.0
99,0.93469745,0.18672794,0.30230093,0.2098144,-0.11677419,0.96492594,-0.23495768,-0.90081626,-0.3355853,0.18432534,0.92375624,0.69953263,0.0,0,0,1.0
100,0.93483901,0.18632215,0.302113,0.21147965,-0.11614437,0.96483403,-0.23564528,-0.90263414,-0.33540902,0.18521369,0.92364228,0.7002483,0.0,0,0,1.0
101,0.9578082,-0.036735944,0.28496483,-0.67618769,-0.024201913,0.97793454,0.20741448,-0.49290028,-0.28630182,-0.20556328,0.9358018,-0.26992524,0.0,0,0,1.0
102,0.93744922,0.17515475,0.30070233,0.22585148,-0.10571341,0.96656781,-0.23344007,-0.90294772,-0.33155137,0.18706205,0.92466199,0.70046008,0.0,0,0,1.0
103,0.94041187,0.16918345,0.29481223,0.23407485,-0.10116307,0.96730447,-0.23240235,-0.90616941,-0.32450566,0.188742,0.92681742,0.70032042,0.0,0,0,1.0
104,0.94217986,0.17031933,0.28844374,0.24198702,-0.102667,0.96644437,-0.2353023,-0.90612209,-0.31885508,0.19209579,0.92808849,0.70208722,0.0,0,0,1.0
105,0.94240546,0.17511283,0.28481337,0.2496351,-0.10677704,0.96486372,-0.23991418,-0.90559977,-0.3168318,0.1956974,0.92802882,0.70369488,0.0,0,0,1.0
106,0.94344014,0.17310119,0.28260794,0.25622943,-0.10487005,0.9648332,-0.24087507,-0.90594113,-0.31437898,0.19762674,0.9284538,0.70572013,0.0,0,0,1.0
107,0.94542158,0.16977753,0.27796403,0.26287651,-0.10247611,0.96508151,-0.24090953,-0.90636516,-0.30917248,0.19928913,0.92984557,0.70859551,0.0,0,0,1.0
108,0.94643503,0.16920735,0.27484471,0.26870024,-0.10256135,0.96506041,-0.24095728,-0.90848857,-0.30602694,0.19987476,0.93075997,0.71151578,0.0,0,0,1.0
109,0.94872445,0.16249628,0.2709738,0.28367278,-0.097783014,0.96648252,-0.23721449,-0.91017371,-0.30045116,0.19856724,0.93285388,0.72016603,0.0,0,0,1.0
110,0.95001292,0.15946932,0.26824403,0.29091561,-0.095420197,0.96681547,-0.23681892,-0.91005021,-0.29712099,0.19939789,0.9337427,0.72540778,0.0,0,0,1.0
111,0.95024335,0.15869237,0.26788795,0.29636356,-0.095267273,0.96726108,-0.23505411,-0.91266429,-0.29643196,0.19785035,0.93429065,0.73037797,0.0,0,0,1.0
112,0.9620924,-0.030051384,0.27097553,-0.67627126,-0.036688913,0.97057742,0.23789977,-0.48604107,-0.27015701,-0.23882766,0.93269938,-0.28201592,0.0,0,0,1.0
113,0.95602852,-0.039474443,0.29052088,-0.68921328,-0.021552078,0.9787339,0.20390642,-0.49526066,-0.29239708,-0.20120484,0.93486387,-0.26548025,0.0,0,0,1.0
114,0.94991368,0.15945077,0.26860487,0.30327728,-0.096567564,0.96765113,-0.23290774,-0.91535676,-0.29706642,0.19531639,0.93462229,0.73581064,0.0,0,0,1.0
115,0.94932514,0.15984844,0.27044213,0.30990374,-0.097360268,0.96815425,-0.23047327,-0.91560453,-0.29868397,0.19247629,0.9346959,0.74310476,0.0,0,0,1.0
116,0.94887334,0.16071908,0.2715081,0.31710172,-0.097872667,0.96798944,-0.23094679,-0.91981041,-0.29994825,0.1925786,0.93426943,0.74894142,0.0,0,0,1.0
117,0.94809014,0.16204934,0.2734462,0.3251864,-0.097550698,0.96707636,-0.23487449,-0.91993248,-0.30251843,0.19602007,0.9327237,0.7563771,0.0,0,0,1.0
118,0.94561529,0.16386028,0.28083581,0.3384845,-0.097114913,0.96660572,-0.23698249,-0.92453432,-0.31030363,0.19683379,0.92999059,0.77009815,0.0,0,0,1.0
119,0.94401717,0.16524406,0.28536496,0.34564435,-0.097102731,0.96628153,-0.23830481,-0.92349136,-0.31513566,0.19726703,0.92827231,0.77863103,0.0,0,0,1.0
120,0.94314873,0.16307068,0.28945667,0.35266015,-0.094485573,0.96689898,-0.23684764,-0.92601192,-0.31851271,0.19604599,0.92737788,0.78651297,0.0,0,0,1.0
121,0.94357061,0.15851466,0.2906093,0.36228848,-0.09059646,0.96800196,-0.23384188,-0.92821419,-0.31839231,0.19433101,0.92777997,0.79438543,0.0,0,0,1.0
122,0.94316339,0.15930641,0.2914961,0.3709875,-0.090711311,0.96763432,-0.23531362,-0.93041724,-0.31956333,0.19551015,0.92712933,0.80160546,0.0,0,0,1.0
123,0.94035584,0.16084294,0.29960945,0.38495183,-0.089561522,0.96706939,-0.23805939,-0.93443888,-0.32804847,0.19704011,0.92383611,0.81619632,0.0,0,0,1.0
124,0.95550334,-0.040315356,0.2921288,-0.68914187,-0.019181216,0.97999859,0.19798256,-0.49590042,-0.29427293,-0.19477935,0.93563592,-0.26366389,0.0,0,0,1.0
125,0.93908995,0.1576144,0.30524257,0.39076719,-0.085110851,0.96754754,-0.23774855,-0.93616056,-0.33282465,0.19730087,0.92207026,0.823017,0.0,0,0,1.0
126,0.93906081,0.15303527,0.30765244,0.39787173,-0.079783089,0.96795046,-0.23795587,-0.93821293,-0.33422339,0.19892268,0.92121542,0.83067811,0.0,0,0,1.0
127,0.93932933,0.14922048,0.30870429,0.40528941,-0.075570785,0.96825784,-0.23808016,-0.93936515,-0.33444726,0.20031983,0.9208312,0.83740062,0.0,0,0,1.0
128,0.9386692,0.14585979,0.31229672,0.41059932,-0.072216615,0.96912742,-0.23556945,-0.94291514,-0.33703104,0.1985819,0.9202652,0.84358323,0.0,0,0,1.0
129,0.93827343,0.14223821,0.31514329,0.41732574,-0.068437986,0.96979439,-0.23394659,-0.94584751,-0.33891594,0.19795118,0.91970831,0.8494218,0.0,0,0,1.0
130,0.93771887,0.14261173,0.31662166,0.42422819,-0.067175604,0.96901673,-0.23750661,-0.9458499,-0.34069869,0.20145847,0.91828686,0.85514021,0.0,0,0,1.0
131,0.93823481,0.13793004,0.31716639,0.43436566,-0.060201511,0.96812981,-0.24293092,-0.94875485,-0.34058163,0.20884602,0.91667849,0.86583757,0.0,0,0,1.0
132,0.93755645,0.13820909,0.31904522,0.4359591,-0.060244124,0.96825868,-0.24240565,-0.95086497,-0.34243703,0.20806202,0.91616529,0.87151331,0.0,0,0,1.0
133,0.93785888,0.13553987,0.31930059,0.44103813,-0.057700794,0.96859622,-0.24167426,-0.95056015,-0.34204602,0.20824613,0.91626942,0.87685496,0.0,0,0,1.0
134,0.93782949,0.13500004,0.31961527,0.4442499,-0.056643717,0.96837366,-0.24281335,-0.95321864,-0.34230301,0.20962706,0.91585827,0.88144761,0.0,0,0,1.0
135,0.95448369,-0.040376175,0.2954351,-0.69125473,-0.018417522,0.98089671,0.19355784,-0.49565756,-0.29761189,-0.19019181,0.93552351,-0.26111427,0.0,0,0,1.0
136,0.9380886,0.13278159,0.3197839,0.44525182,-0.05480551,0.96880913,-0.24149477,-0.95629412,-0.34189177,0.20903125,0.91614795,0.88572967,0.0,0,0,1.0
137,0.93927932,0.13362585,0.31591311,0.45353255,-0.055324093,0.96791983,-0.2449182,-0.96008992,-0.33852196,0.21258289,0.91658181,0.89254606,0.0,0,0,1.0
138,0.93975371,0.13656805,0.31323242,0.45633069,-0.057499908,0.96675426,-0.24898598,-0.95916742,-0.33683839,0.21598876,0.91640574,0.89583009,0.0,0,0,1.0
139,0.93940276,0.13973075,0.31288949,0.45650458,-0.061333783,0.9668656,-0.24763429,-0.96153051,-0.33714032,0.2134517,0.91688889,0.89867985,0.0,0,0,1.0
140,0.939044,0.14106192,0.31336808,0.45774829,-0.063201159,0.96716881,-0.24597412,-0.96463293,-0.33779359,0.2111893,0.91717207,0.90079933,0.0,0,0,1.0
141,0.9396596,0.13893215,0.31247294,0.45966622,-0.061974529,0.96776885,-0.24391772,-0.96327502,-0.33630574,0.20984818,0.91802621,0.90440452,0.0,0,0,1.0
142,0.94027865,0.14150146,0.30944285,0.46277931,-0.065739684,0.96780336,-0.2427925,-0.96648902,-0.33385131,0.20796375,0.91934991,0.90597153,0.0,0,0,1.0
143,0.93762726,0.15138647,0.31279135,0.46577638,-0.073345557,0.9660188,-0.24767196,-0.97065783,-0.33967268,0.20929605,0.91691178,0.90846276,0.0,0,0,1.0
144,0.93732083,0.14989763,0.31442177,0.46755034,-0.071226142,0.96603853,-0.24821256,-0.9713794,-0.34096625,0.21027379,0.91620749,0.90894514,0.0,0,0,1.0
145,0.93708044,0.15084444,0.31468508,0.47093764,-0.071038641,0.96528882,-0.25116462,-0.97129941,-0.34166509,0.21302091,0.91531199,0.90961766,0.0,0,0,1.0
146,0.95321274,-0.040741384,0.2994608,-0.69207621,-0.017937241,0.98148006,0.19062451,-0.49762681,-0.30168664,-0.18707995,0.93484563,-0.25909919,0.0,0,0,1.0
147,0.93587351,0.15488593,0.31630898,0.47319573,-0.073142923,0.963965,-0.25560516,-0.97169614,-0.34451687,0.21609282,0.91352105,0.90995854,0.0,0,0,1.0
148,0.93535042,0.15533109,0.31763497,0.47594228,-0.07208208,0.96320254,-0.25876051,-0.97086287,-0.3461569,0.21915068,0.91217148,0.91028374,0.0,0,0,1.0
149,0.93628973,0.15144144,0.31674424,0.47896895,-0.068398744,0.96354192,-0.25849649,-0.97098649,-0.34435996,0.22037749,0.91255605,0.91115302,0.0,0,0,1.0
150,0.94041759,0.147746,0.30608115,0.4870314,-0.064433239,0.96170396,-0.26624289,-0.97322935,-0.33371195,0.23067309,0.91396648,0.91228187,0.0,0,0,1.0
151,0.94251007,0.14550442,0.30067036,0.48936656,-0.063092522,0.96144545,-0.26749375,-0.97313404,-0.32801563,0.23316105,0.91539574,0.91305304,0.0,0,0,1.0
152,0.9458679,0.14276864,0.29129109,0.4934952,-0.062191356,0.96105927,-0.26908687,-0.97727418,-0.31838086,0.23642056,0.91795778,0.91310745,0.0,0,0,1.0
153,0.95012885,0.13869421,0.27913898,0.49799651,-0.060286738,0.96037018,-0.27196476,-0.97556484,-0.30581185,0.24158919,0.92088068,0.91386062,0.0,0,0,1.0
154,0.95498538,0.1338709,0.26453817,0.50237858,-0.059277922,0.96041602,-0.27202356,-0.97525722,-0.29049742,0.24411353,0.92516321,0.91439706,0.0,0,0,1.0
155,0.9582864,0.13577414,0.25129876,0.50688338,-0.064113937,0.95955837,-0.27394515,-0.97671592,-0.27834481,0.24642271,0.92828172,0.91429526,0.0,0,0,1.0
156,0.96042317,0.13829525,0.24157858,0.5102759,-0.068732031,0.95876426,-0.27560025,-0.97440207,-0.26974505,0.24810533,0.93036979,0.91502213,0.0,0,0,1.0
157,0.95222068,-0.040009852,0.30269733,-0.69289184,-0.018043842,0.98225248,0.18659309,-0.49983034,-0.30479634,-0.18314226,0.93461645,-0.25714117,0.0,0,0,1.0
158,0.96343482,0.13653566,0.23032498,0.51316887,-0.070381284,0.9590677,-0.27412412,-0.97245175,-0.25833839,0.24790686,0.93365413,0.91478509,0.0,0,0,1.0
159,0.96643877,0.135415,0.2180751,0.51332396,-0.073457472,0.95986861,-0.27048925,-0.97191292,-0.24596472,0.24540871,0.93764722,0.91402298,0.0,0,0,1.0
160,0.97032917,0.14247768,0.1950884,0.51672828,-0.087924667,0.96043146,-0.26409912,-0.97268456,-0.2250094,0.2391264,0.94450802,0.91006321,0.0,0,0,1.0
161,0.97155178,0.14680126,0.1855647,0.5176214,-0.09485513,0.96009958,-0.26290366,-0.97554529,-0.21676704,0.23783915,0.94675785,0.90697277,0.0,0,0,1.0
162,0.97281355,0.15080647,0.17546815,0.51908046,-0.10133562,0.95946765,-0.26279271,-0.97509593,-0.20799832,0.23788339,0.94871157,0.90396369,0.0,0,0,1.0
163,0.97450066,0.15208749,0.16466822,0.52109939,-0.10487062,0.95856327,-0.26469871,-0.97369802,-0.19811331,0.24069662,0.95011646,0.90099496,0.0,0,0,1.0
164,0.97622788,0.15171243,0.15446693,0.52179146,-0.10639667,0.95748395,-0.26797521,-0.97218835,-0.18856545,0.24518678,0.95091087,0.89749634,0.0,0,0,1.0
165,0.97698271,0.15636708,0.14474623,0.52516544,-0.11336716,0.95661509,-0.26821992,-0.97171474,-0.18041752,0.24565348,0.95237005,0.89357877,0.0,0,0,1.0
166,0.97745782,0.16077691,0.13647208,0.52741551,-0.12020991,0.95645529,-0.26579988,-0.97203797,-0.17327397,0.24341944,0.95426828,0.88971382,0.0,0,0,1.0
167,0.97813624,0.16530807,0.12577961,0.53016537,-0.12768891,0.95610124,-0.26357636,-0.97148114,-0.16383898,0.24176942,0.95635194,0.88558477,0.0,0,0,1.0
168,0.95105404,-0.040034875,0.30634001,-0.69345522,-0.01686961,0.98334086,0.18088263,-0.50068825,-0.3084839,-0.17719947,0.93455207,-0.25458339,0.0,0,0,1.0
169,0.97931319,0.16723989,0.11346351,0.53239131,-0.13347062,0.95677125,-0.25822589,-0.96825695,-0.15175346,0.23775631,0.95934731,0.88273764,0.0,0,0,1.0
170,0.98089665,0.16683242,0.09952987,0.53416866,-0.13693421,0.95717806,-0.25488296,-0.97113132,-0.13779913,0.23640111,0.96178484,0.87847853,0.0,0,0,1.0
171,0.98162311,0.17038333,0.08534158,0.53676409,-0.14391991,0.95638931,-0.253993,-0.96904266,-0.12490398,0.23705938,0.96338254,0.8755759,0.0,0,0,1.0
172,0.98200542,0.17389357,0.072963998,0.53939736,-0.15014371,0.95505732,-0.25539762,-0.96934837,-0.11410441,0.23986335,0.9640277,0.8723495,0.0,0,0,1.0
173,0.98263371,0.17466383,0.061812107,0.54104471,-0.15362103,0.9545635,-0.25517553,-0.96605718,-0.10358067,0.24126513,0.96486562,0.86922479,0.0,0,0,1.0
174,0.98331654,0.17423891,0.051246867,0.54127342,-0.15596154,0.95468062,-0.25331074,-0.96426296,-0.093067676,0.24110888,0.96597534,0.86624318,0.0,0,0,1.0
175,0.98382115,0.17455111,0.039047197,0.54227942,-0.15910837,0.95377785,-0.25475019,-0.96315056,-0.081715502,0.24443285,0.96616691,0.86344403,0.0,0,0,1.0
176,0.98441803,0.17380258,0.024708511,0.54294038,-0.161946,0.95342195,-0.25429311,-0.96203345,-0.067760058,0.2463464,0.9667601,0.8599745,0.0,0,0,1.0
177,0.98406476,0.17717889,0.011004142,0.54473931,-0.16869843,0.95266789,-0.25272489,-0.95994967,-0.05526587,0.24685837,0.96742421,0.85706449,0.0,0,0,1.0
178,0.98432851,0.17604676,-0.00132503,0.54707658,-0.17076008,0.95289177,-0.25048542,-0.95908475,-0.042839061,0.24680339,0.96806812,0.85498208,0.0,0,0,1.0
179,0.94973379,-0.040871266,0.31029999,-0.69257957,-0.013703935,0.98503697,0.17168726,-0.50294131,-0.31267977,-0.16731168,0.93498021,-0.25019249,0.0,0,0,1.0
180,0.9845503,0.17420948,-0.014438048,0.54862231,-0.17224705,0.95274633,-0.25002003,-0.9568851,-0.029804001,0.24866152,0.96808153,0.85283393,0.0,0,0,1.0
181,0.98423606,0.17441107,-0.027509196,0.5508669,-0.17573045,0.95247304,-0.24863333,-0.95615911,-0.017166028,0.24956544,0.96815532,0.84967279,0.0,0,0,1.0
182,0.98370677,0.17532752,-0.038445488,0.55165535,-0.17937113,0.95235378,-0.24648096,-0.95628917,-0.006604112,0.24937831,0.96833318,0.8471083,0.0,0,0,1.0
183,0.98371917,0.17229299,-0.050084773,0.55308002,-0.1793398,0.95275116,-0.24496421,-0.95638037,0.005510327,0.2499755,0.96818596,0.84467661,0.0,0,0,1.0
184,0.98404074,0.1663198,-0.062437713,0.55294555,-0.17661428,0.95382792,-0.24274422,-0.95608902,0.01917989,0.2499149,0.96802717,0.8422702,0.0,0,0,1.0
185,0.98304456,0.16739057,-0.074165121,0.55452538,-0.18058889,0.95318198,-0.24235652,-0.95463455,0.030123398,0.25165805,0.9672966,0.84105319,0.0,0,0,1.0
186,0.98220146,0.16741455,-0.084553294,0.55695397,-0.18327038,0.95250756,-0.24299373,-0.95412773,0.03985614,0.2541824,0.96628386,0.8392505,0.0,0,0,1.0
187,0.98161781,0.16533703,-0.094799325,0.55791253,-0.18383838,0.95260227,-0.24219228,-0.95263392,0.050262321,0.25518551,0.96553385,0.83767807,0.0,0,0,1.0
188,0.98040813,0.16611513,-0.1053672,0.55857182,-0.18724637,0.95222539,-0.24106067,-0.95189208,0.06028958,0.25608495,0.96472126,0.83623123,0.0,0,0,1.0
189,0.97814322,0.16597015,-0.12484416,0.5592432,-0.1920833,0.95153582,-0.23997472,-0.95117885,0.078965962,0.25872782,0.9626658,0.83393556,0.0,0,0,1.0
190,0.94852161,-0.040754132,0.31400082,-0.69447607,-0.012765484,0.98593533,0.16652516,-0.50517827,-0.31637689,-0.16196312,0.9346782,-0.24753954,0.0,0,0,1.0
191,0.97716105,0.16409795,-0.13462561,0.56018144,-0.1927157,0.95171922,-0.23873673,-0.95156121,0.088950977,0.25924653,0.96165478,0.8326605,0.0,0,0,1.0
192,0.97525686,0.16581276,-0.14586225,0.55840266,-0.19745424,0.95050347,-0.23970579,-0.9505257,0.098898128,0.26259387,0.95977318,0.83160967,0.0,0,0,1.0
193,0.97315055,0.16834821,-0.15662858,0.56018925,-0.20282176,0.94935668,-0.23976873,-0.94830984,0.10833399,0.2651169,0.95805919,0.83161873,0.0,0,0,1.0
194,0.97198993,0.16721074,-0.1648383,0.55875152,-0.20361127,0.94985878,-0.23709595,-0.94831926,0.11693075,0.26403588,0.95734674,0.83052236,0.0,0,0,1.0
195,0.97010773,0.16776134,-0.17504965,0.55928367,-0.20683986,0.94930714,-0.23650934,-0.94885123,0.12650187,0.26566496,0.95567769,0.83019596,0.0,0,0,1.0
196,0.96843714,0.16617219,-0.18550377,0.56001586,-0.20826069,0.94879156,-0.23732938,-0.94791627,0.13657045,0.26849008,0.95349985,0.83002841,0.0,0,0,1.0
197,0.96599263,0.17225198,-0.1925685,0.56094843,-0.21602011,0.94732171,-0.23626222,-0.94441348,0.1417315,0.26984474,0.95236349,0.83053541,0.0,0,0,1.0
198,0.96527648,0.16860749,-0.199268,0.55867952,-0.21398593,0.94829774,-0.23418862,-0.94638705,0.14948361,0.2687158,0.95149708,0.82935286,0.0,0,0,1.0
199,0.96294165,0.1722841,-0.20726001,0.55945837,-0.21975796,0.9470849,-0.23375098,-0.94463462,0.15602572,0.27065414,0.94989598,0.82957095,0.0,0,0,1.0
200,0.96105713,0.1725838,-0.21559042,0.55774009,-0.22232868,0.94658595,-0.23334032,-0.94354039,0.16380894,0.27220392,0.94814104,0.82916361,0.0,0,0,1.0
201,0.94759083,-0.039906047,0.31690645,-0.69488817,-0.011980133,0.9870072,0.16010906,-0.50678384,-0.31918421,-0.1555163,0.93481851,-0.24583195,0.0,0,0,1.0
202,0.95935911,0.17377649,-0.22209701,0.56011754,-0.22515947,0.94618112,-0.23226582,-0.94423229,0.16978677,0.27285218,0.94690222,0.82925367,0.0,0,0,1.0
203,0.95812809,0.17107773,-0.22938649,0.55750984,-0.22444001,0.94652891,-0.23154375,-0.9438495,0.17751442,0.27335075,0.94533992,0.82864434,0.0,0,0,1.0
204,0.95602173,0.17042539,-0.23847987,0.55808514,-0.22631925,0.9461903,-0.23109691,-0.94370079,0.18626849,0.27492508,0.94319648,0.82865059,0.0,0,0,1.0
205,0.95393974,0.17077041,-0.24643666,0.55706525,-0.22854945,0.94614929,-0.22906011,-0.9445321,0.19405551,0.27485144,0.94164658,0.82835603,0.0,0,0,1.0
206,0.95197833,0.17117135,-0.25363708,0.55750984,-0.23086104,0.94579309,-0.22821064,-0.94584656,0.20083182,0.27582559,0.93993932,0.82852769,0.0,0,0,1.0
207,0.95001751,0.17037424,-0.26140636,0.55684143,-0.2321794,0.94564998,-0.22746462,-0.9450689,0.20845187,0.27680767,0.93798947,0.82854068,0.0,0,0,1.0
208,0.9475686,0.17080934,-0.26987308,0.5571174,-0.23460402,0.94558042,-0.22525413,-0.94368017,0.21671879,0.27677625,0.93612307,0.82917553,0.0,0,0,1.0
209,0.94509667,0.1723792,-0.27743679,0.55614549,-0.23784582,0.94533622,-0.22286737,-0.94401962,0.22386123,0.27663752,0.93448174,0.82916903,0.0,0,0,1.0
210,0.94251657,0.17392452,-0.28514239,0.55643278,-0.24139142,0.94471991,-0.22166482,-0.94492942,0.23083501,0.2777729,0.93244606,0.82930493,0.0,0,0,1.0
211,0.94004905,0.17458676,-0.29278088,0.55510437,-0.24410132,0.94425136,-0.22069068,-0.94620705,0.2379377,0.27894753,0.93030745,0.82846045,0.0,0,0,1.0
212,0.94669259,-0.038194198,0.31978834,-0.69626755,-0.011354349,0.98834848,0.15165672,-0.50721961,-0.32186073,-0.14720494,0.93524623,-0.24371405,0.0,0,0,1.0
213,0.93427044,0.17546007,-0.31023476,0.55522794,-0.24952771,0.9434945,-0.21783921,-0.94704354,0.25449216,0.28095233,0.92530924,0.82822943,0.0,0,0,1.0
214,0.93182176,0.17028038,-0.3203212,0.55553508,-0.24727723,0.94418448,-0.21741502,-0.94845861,0.26543084,0.28181964,0.92196614,0.82820082,0.0,0,0,1.0
215,0.92816961,0.17272298,-0.32948506,0.55444556,-0.25192687,0.94348723,-0.21509124,-0.94923794,0.27372417,0.2826668,0.91927773,0.8279857,0.0,0,0,1.0
216,0.92386502,0.17782806,-0.33873692,0.55381334,-0.25933093,0.94200665,-0.21276715,-0.9509815,0.28126726,0.28443283,0.91645151,0.8272137,0.0,0,0,1.0
217,0.92010999,0.17617074,-0.34964764,0.55486101,-0.26095089,0.94167912,-0.21223563,-0.94843662,0.29187745,0.28654075,0.91246837,0.82830042,0.0,0,0,1.0
218,0.91641337,0.17322022,-0.3606565,0.55187792,-0.26120439,0.9418031,-0.21137086,-0.94793046,0.30306557,0.28792799,0.90837473,0.82735443,0.0,0,0,1.0
219,0.9123925,0.17375636,-0.37045887,0.54894811,-0.26406682,0.94159406,-0.2087279,-0.95135903,0.31256649,0.28828767,0.90503478,0.82540518,0.0,0,0,1.0
220,0.90668947,0.17884509,-0.38186297,0.54639328,-0.27231935,0.93974006,-0.20646611,-0.95356655,0.32193938,0.29120955,0.90080369,0.8240217,0.0,0,0,1.0
221,0.90127528,0.17719428,-0.39521518,0.54346579,-0.27482596,0.93918931,-0.20564835,-0.95578307,0.33475572,0.29398164,0.89521408,0.82252955,0.0,0,0,1.0
222,0.89606512,0.18169677,-0.40489915,0.54248524,-0.28171673,0.9378044,-0.20262069,-0.96267951,0.3429147,0.29564881,0.89156932,0.81990701,0.0,0,0,1.0
223,0.96207511,-0.02885453,0.27116609,-0.67598838,-0.037888579,0.9705795,0.237703,-0.48617265,-0.27005213,-0.23896657,0.93269396,-0.28153753,0.0,0,0,1.0
224,0.9454596,-0.035109397,0.32376504,-0.6986056,-0.012429811,0.9895376,0.14360353,-0.50595379,-0.3254256,-0.13979708,0.93514913,-0.24001969,0.0,0,0,1.0
225,0.88994449,0.1919381,-0.41357937,0.54305285,-0.29343948,0.93532991,-0.19734982,-0.98044062,0.34896863,0.29701167,0.88876247,0.8141374,0.0,0,0,1.0
226,0.88462609,0.19224219,-0.42469814,0.54144537,-0.29718474,0.93441987,-0.19605173,-0.98767728,0.35917205,0.2996673,0.8837921,0.81106848,0.0,0,0,1.0
227,0.88057882,0.18638007,-0.43558225,0.54503143,-0.29514712,0.93494546,-0.19662273,-0.98359406,0.3706148,0.30172381,0.87835097,0.81219965,0.0,0,0,1.0
228,0.87583786,0.1859764,-0.44520667,0.54796094,-0.29749331,0.93457317,-0.19484784,-0.9870671,0.37985739,0.3031224,0.87390959,0.81139702,0.0,0,0,1.0
229,0.87037438,0.19250663,-0.45307544,0.54627955,-0.30691114,0.93176341,-0.19369221,-0.99550575,0.38488862,0.30766022,0.87011367,0.80776578,0.0,0,0,1.0
230,0.86353236,0.20673463,-0.4598479,0.54670233,-0.32292631,0.92718542,-0.18957633,-1.0210391,0.38718909,0.31222418,0.86746317,0.79905999,0.0,0,0,1.0
231,0.85979354,0.20483635,-0.46763679,0.54547113,-0.32275125,0.92776436,-0.18702501,-1.0274746,0.3955645,0.31175512,0.86384535,0.79619616,0.0,0,0,1.0
232,0.85560054,0.20676211,-0.47442999,0.5463292,-0.32592919,0.92732716,-0.18365043,-1.0331688,0.40199745,0.31178391,0.86085969,0.7939294,0.0,0,0,1.0
233,0.85280645,0.20076092,-0.48197752,0.54672879,-0.3220481,0.92882204,-0.18294154,-1.0267112,0.41096196,0.31125563,0.85680819,0.7958504,0.0,0,0,1.0
234,0.84253895,0.20780978,-0.49681908,0.54978323,-0.32920167,0.9288134,-0.16977789,-1.0402782,0.42618972,0.30661988,0.85102081,0.7914933,0.0,0,0,1.0
235,0.94446522,-0.03257988,0.32691598,-0.69787031,-0.013175707,0.99049479,0.13677549,-0.50279331,-0.32827088,-0.13348828,0.93507653,-0.2378404,0.0,0,0,1.0
236,0.83901644,0.20107897,-0.50547427,0.55318689,-0.32367551,0.9312942,-0.16678482,-1.03106,0.43722808,0.30356652,0.8465035,0.79595494,0.0,0,0,1.0
237,0.83541918,0.19560151,-0.51351744,0.55640858,-0.32100093,0.93215203,-0.16716079,-1.0197886,0.44599962,0.30451062,0.84157372,0.8013081,0.0,0,0,1.0
238,0.83200771,0.19698073,-0.5185042,0.55682039,-0.32287857,0.93206334,-0.16400826,-1.0200421,0.45099282,0.30389178,0.83913267,0.8007983,0.0,0,0,1.0
239,0.82185906,0.1963511,-0.53467613,0.5543707,-0.32564616,0.93209404,-0.15825945,-1.0217354,0.46731541,0.30420399,0.83003843,0.80348772,0.0,0,0,1.0
240,0.8191238,0.18776068,-0.54191017,0.55320311,-0.32001877,0.93370771,-0.16021329,-1.0071456,0.47592577,0.3046777,0.82495648,0.8088935,0.0,0,0,1.0
241,0.815714,0.18832693,-0.54683429,0.5511741,-0.3206192,0.93412077,-0.15656184,-1.0041004,0.48134673,0.30305704,0.82240415,0.8128351,0.0,0,0,1.0
242,0.8120681,0.18570073,-0.5531224,0.54905093,-0.32124376,0.93363255,-0.15818469,-1.0006714,0.4870607,0.30616599,0.81787586,0.81656319,0.0,0,0,1.0
243,0.80777931,0.15662533,-0.56819439,0.56018859,-0.30440918,0.93633211,-0.17466162,-0.94069844,0.50468564,0.31407425,0.80407453,0.84564757,0.0,0,0,1.0
244,0.80606151,0.15086307,-0.57217926,0.55746394,-0.30145672,0.93671542,-0.17770024,-0.92109388,0.50918436,0.31574726,0.8005752,0.85590935,0.0,0,0,1.0
245,0.80345726,0.14997494,-0.5760622,0.55610901,-0.30333883,0.93577284,-0.17945418,-0.9240995,0.51217359,0.31894875,0.79739285,0.85957569,0.0,0,0,1.0
246,0.94441485,-0.033702344,0.32694733,-0.69489545,-0.011047937,0.99089265,0.13405561,-0.50629073,-0.32849386,-0.13021734,0.93545932,-0.23497212,0.0,0,0,1.0
247,0.79966736,0.14701675,-0.58206666,0.55438131,-0.30306739,0.93575275,-0.18001579,-0.9245106,0.51822942,0.32038128,0.79289299,0.86388052,0.0,0,0,1.0
248,0.79152131,0.15053843,-0.5922125,0.55253708,-0.31760007,0.92928708,-0.18826562,-0.92602241,0.52201867,0.33712709,0.78340715,0.87315661,0.0,0,0,1.0
249,0.78763974,0.15082881,-0.59729171,0.5492835,-0.32247034,0.92701936,-0.19114387,-0.92763186,0.52489567,0.34318599,0.7788406,0.87607461,0.0,0,0,1.0
250,0.7831583,0.14706515,-0.60408413,0.54698497,-0.32311958,0.92632747,-0.19338803,-0.92691457,0.53116417,0.34666964,0.77302599,0.8795802,0.0,0,0,1.0
251,0.77470964,0.14232729,-0.61599571,0.54226094,-0.32533523,0.9251278,-0.19540516,-0.92643929,0.54208875,0.35181239,0.76305425,0.88827848,0.0,0,0,1.0
252,0.76950932,0.14048439,-0.62289846,0.53933334,-0.32616842,0.92506635,-0.19430378,-0.92913222,0.54895151,0.35271344,0.75771308,0.89133602,0.0,0,0,1.0
253,0.76387972,0.1388905,-0.63014275,0.53851742,-0.32893458,0.92391807,-0.19510224,-0.93041384,0.55512857,0.35633576,0.75149214,0.89573425,0.0,0,0,1.0
254,0.75336987,0.13828889,-0.64280057,0.53253192,-0.3356289,0.92150521,-0.19511181,-0.93135625,0.56538904,0.36275959,0.74069166,0.90325361,0.0,0,0,1.0
255,0.7455321,0.13427164,-0.65271401,0.52782834,-0.33862516,0.91988927,-0.1975444,-0.93164831,0.57392722,0.36832717,0.73131788,0.91031855,0.0,0,0,1.0
256,0.74252838,0.13160574,-0.65666872,0.52576178,-0.33763239,0.92029876,-0.19733563,-0.93329126,0.57838845,0.36826614,0.72782522,0.9125427,0.0,0,0,1.0
257,0.94372213,-0.033791684,0.32893163,-0.69562274,-0.009687721,0.99149245,0.12965186,-0.50712776,-0.33052075,-0.12554295,0.93538415,-0.231223,0.0,0,0,1.0
258,0.7401017,0.12965201,-0.65978932,0.5218491,-0.3356767,0.92141092,-0.19547324,-0.93329161,0.58262146,0.36617208,0.72550178,0.9140417,0.0,0,0,1.0
259,0.73575604,0.12407736,-0.66569501,0.52116644,-0.33605158,0.92032802,-0.19988,-0.93606138,0.58788532,0.37079719,0.71887583,0.92303759,0.0,0,0,1.0
260,0.73372614,0.11914278,-0.66882938,0.52038133,-0.33501524,0.91987765,-0.20365669,-0.93838072,0.59100521,0.37352288,0.71489519,0.92520458,0.0,0,0,1.0
261,0.72844118,0.11575387,-0.67517096,0.52184522,-0.32849926,0.92387724,-0.19602269,-0.93809921,0.6011138,0.36461034,0.71105754,0.9317748,0.0,0,0,1.0
262,0.72543412,0.11579583,-0.6783936,0.52072865,-0.32779869,0.92483169,-0.19266622,-0.94408125,0.60511929,0.36216933,0.70890421,0.93299156,0.0,0,0,1.0
263,0.71757954,0.11354427,-0.68707228,0.52433157,-0.32856834,0.92505169,-0.19028339,-0.94731259,0.61400169,0.36231992,0.70114696,0.9401173,0.0,0,0,1.0
264,0.71083879,0.11172947,-0.69433838,0.52635086,-0.32999766,0.92480087,-0.18902364,-0.9518429,0.62103558,0.36352175,0.69429618,0.94230306,0.0,0,0,1.0
265,0.69065088,0.10430707,-0.71554345,0.53638399,-0.3321487,0.92468429,-0.18579765,-0.95235837,0.64230353,0.36601472,0.67331982,0.95540196,0.0,0,0,1.0
266,0.67934084,0.1004941,-0.7268272,0.5433144,-0.33253875,0.92512155,-0.18289952,-0.94491494,0.65405577,0.36597595,0.6619308,0.96685094,0.0,0,0,1.0
267,0.6589691,0.095949203,-0.74594516,0.55337346,-0.33228973,0.9268654,-0.17432232,-0.94935334,0.67469841,0.36276928,0.64269722,0.97811699,0.0,0,0,1.0
268,0.94318557,-0.031353746,0.33070707,-0.69480956,-0.010865645,0.99207169,0.12504539,-0.50887418,-0.33201218,-0.12153527,0.93538517,-0.22874586,0.0,0,0,1.0
269,0.64606905,0.093179129,-0.75749135,0.55628091,-0.3351877,0.92626643,-0.17194101,-0.95611268,0.68565184,0.36501405,0.62970245,0.97962123,0.0,0,0,1.0
270,0.62549847,0.090448953,-0.7748878,0.5678612,-0.34547228,0.92262256,-0.17117329,-0.95287758,0.69948179,0.37479803,0.60838324,0.99368602,0.0,0,0,1.0
271,0.59572613,0.087113105,-0.79837477,0.57732064,-0.35091534,0.92236489,-0.16119893,-0.95787013,0.72238684,0.37621945,0.58008116,1.0033456,0.0,0,0,1.0
272,0.58195502,0.088857904,-0.8082779,0.58247662,-0.36153343,0.91858363,-0.15931457,-0.96623069,0.72835141,0.38496101,0.56673354,1.006505,0.0,0,0,1.0
273,0.56175768,0.085176229,-0.82283258,0.59427518,-0.36711207,0.91698837,-0.15570599,-0.96527088,0.74130327,0.38956869,0.54642755,1.0190555,0.0,0,0,1.0
274,0.529697,0.081422828,-0.84419888,0.60691828,-0.37823704,0.91353995,-0.14921291,-0.97747588,0.75909895,0.39837319,0.51472771,1.0324062,0.0,0,0,1.0
275,0.50904804,0.079999536,-0.85694242,0.61720335,-0.38055116,0.91392398,-0.14073594,-0.97571099,0.77196127,0.39778003,0.49570528,1.0430765,0.0,0,0,1.0
276,0.49360013,0.080393784,-0.86589569,0.62251306,-0.38226858,0.91436344,-0.13301349,-0.98153859,0.78109062,0.39668846,0.48209134,1.0482185,0.0,0,0,1.0
277,0.46465719,0.074928597,-0.88224649,0.63086891,-0.39192119,0.91083747,-0.12905486,-0.99177682,0.79395467,0.40576616,0.45262095,1.0596554,0.0,0,0,1.0
278,0.44292861,0.066560432,-0.89401543,0.64009047,-0.39832655,0.90795612,-0.12974392,-0.99559528,0.80313313,0.41360658,0.42869893,1.068688,0.0,0,0,1.0
279,0.94299197,-0.030834779,0.33130682,-0.69293791,-0.009608453,0.99273854,0.11974246,-0.51539892,-0.3325997,-0.11610029,0.93586659,-0.22580667,0.0,0,0,1.0
280,0.42739955,0.06665685,-0.90153527,0.64809644,-0.40179482,0.90731251,-0.12339514,-0.99752837,0.8097918,0.41500056,0.41459295,1.0749143,0.0,0,0,1.0
281,0.39311492,0.062936746,-0.91726702,0.65538675,-0.39457509,0.91260803,-0.10648297,-1.0047359,0.83044744,0.40381926,0.38361675,1.0819621,0.0,0,0,1.0
282,0.36313638,0.053917624,-0.93010968,0.65794885,-0.38983911,0.91546708,-0.099129498,-1.0135267,0.84618491,0.39861873,0.35348037,1.0851874,0.0,0,0,1.0
283,0.33236963,0.047777429,-0.94187427,0.66224974,-0.38562819,0.91823858,-0.089498304,-1.029525,0.86063498,0.39298722,0.32363883,1.0900543,0.0,0,0,1.0
284,0.31241506,0.038961973,-0.94908261,0.66602468,-0.38338307,0.9192788,-0.0884578,-1.0361876,0.86907148,0.39152509,0.30215257,1.0937023,0.0,0,0,1.0
285,0.28888702,0.033586673,-0.9567104,0.66968745,-0.37410983,0.92381686,-0.080529474,-1.0444609,0.88116783,0.38120523,0.27946097,1.0961356,0.0,0,0,1.0
286,0.26375595,0.019406095,-0.96433103,0.67591876,-0.36888993,0.92576128,-0.082261339,-1.054894,0.8911922,0.3774552,0.25134909,1.1063341,0.0,0,0,1.0
287,0.24009833,0.006012059,-0.97066683,0.68017846,-0.36541355,0.92692453,-0.084640749,-1.0662813,0.89927506,0.37504303,0.22476366,1.1119175,0.0,0,0,1.0
288,0.22282183,-0.015014756,-0.97468066,0.68124253,-0.36457929,0.92597783,-0.097606234,-1.0700698,0.90404749,0.37712339,0.20086628,1.1098428,0.0,0,0,1.0
289,0.20276274,-0.025939459,-0.97882152,0.68166882,-0.36653215,0.92490375,-0.10043279,-1.0787498,0.90797061,0.3791599,0.17803921,1.1117302,0.0,0,0,1.0
290,0.94229317,-0.026690161,0.33364651,-0.68946022,-0.006831444,0.99505454,0.098893166,-0.5138011,-0.33464244,-0.095465794,0.93746936,-0.21867612,0.0,0,0,1.0
291,0.15590677,-0.019767651,-0.98751146,0.6831736,-0.3774437,0.92267168,-0.07805495,-1.0821304,0.91274214,0.3849259,0.13639784,1.1269633,0.0,0,0,1.0
292,0.13143648,-0.017274119,-0.99111158,0.6815055,-0.37987909,0.92258078,-0.066452421,-1.0856555,0.91557896,0.3852635,0.11470561,1.1270878,0.0,0,0,1.0
293,0.098851338,-0.009672879,-0.99499273,0.68034577,-0.38025865,0.9236325,-0.046752322,-1.0866096,0.91951078,0.38300252,0.087629318,1.1324898,0.0,0,0,1.0
294,0.074461952,0.000328857,-0.99716115,0.68136477,-0.38382107,0.92290699,-0.028351991,-1.0799725,0.92032868,0.38486907,0.068851717,1.1455806,0.0,0,0,1.0
295,0.051221449,0.004772793,-0.9986133,0.68328732,-0.37850663,0.92541242,-0.014986556,-1.0795751,0.92410868,0.37877524,0.049210269,1.1555468,0.0,0,0,1.0
296,0.038132779,0.005754334,-0.99919337,0.68692827,-0.38076982,0.92455906,-0.009201912,-1.0827558,0.92381138,0.38083959,0.037449133,1.1583394,0.0,0,0,1.0
297,0.038225926,0.001974598,-0.99920422,0.69244927,-0.38298842,0.92359889,-0.012821433,-1.0863589,0.92288971,0.38319999,0.036063652,1.1434385,0.0,0,0,1.0
298,0.039884225,0.004944983,-0.999129,0.70000142,-0.38240388,0.92386806,-0.010687581,-1.0817261,0.92306161,0.38252327,0.038740888,1.1420193,0.0,0,0,1.0
299,0.022065071,0.030050276,-0.99924129,0.72289085,-0.3780199,0.92552698,0.01949105,-1.0677527,0.92546195,0.37732899,0.031783111,1.1683788,0.0,0,0,1.0
300,0.035349343,0.04134896,-0.99845541,0.72975045,-0.38767722,0.92140538,0.024437612,-1.0617995,0.92104387,0.38624141,0.048603941,1.16002,0.0,0,0,1.0
301,0.94250441,-0.024138117,0.33324385,-0.68629289,-0.005858648,0.9960196,0.088715315,-0.5104121,-0.33406541,-0.085566759,0.93863016,-0.21541223,0.0,0,0,1.0
302,0.04536638,0.059828937,-0.99711293,0.73860961,-0.38908336,0.92037183,0.037526589,-1.0489135,0.92001116,0.38628459,0.065036267,1.1620997,0.0,0,0,1.0
303,0.049537156,0.068206117,-0.99637604,0.74271125,-0.38833588,0.92041457,0.043703847,-1.0470514,0.92011154,0.38479066,0.072085977,1.1557577,0.0,0,0,1.0
304,0.051106237,0.072802678,-0.9959712,0.7472291,-0.38706818,0.92076278,0.047448128,-1.0549556,0.92055959,0.38311097,0.075240895,1.1527377,0.0,0,0,1.0
305,0.052554961,0.077299595,-0.99555671,0.75333536,-0.3861576,0.92094821,0.051126122,-1.045728,0.92086023,0.38178197,0.078254998,1.1609313,0.0,0,0,1.0
306,0.051027417,0.088219725,-0.99472779,0.75862122,-0.38488078,0.9208197,0.061925914,-1.0407975,0.92148024,0.37971872,0.080946095,1.1667509,0.0,0,0,1.0
307,0.050828632,0.096347235,-0.99398339,0.7623719,-0.38780975,0.91906655,0.069258749,-1.0348822,0.92026216,0.38198337,0.084084481,1.1710228,0.0,0,0,1.0
308,0.05303923,0.11069945,-0.99237162,0.76537681,-0.38811371,0.91791975,0.0816551,-1.0300419,0.92000926,0.38084933,0.091655441,1.1676651,0.0,0,0,1.0
309,0.054147303,0.12162083,-0.99103218,0.76769263,-0.38921785,0.91655052,0.091218702,-1.0230147,0.91947794,0.38081557,0.09697181,1.1656225,0.0,0,0,1.0
310,0.052311268,0.1310517,-0.98992759,0.76905656,-0.39129281,0.91470301,0.10041988,-1.0163721,0.91870308,0.38212612,0.099135116,1.1652435,0.0,0,0,1.0
311,0.039661784,0.13747285,-0.98964411,0.77458084,-0.3874132,0.91505969,0.11158998,-1.0054892,0.92097735,0.37900281,0.089557305,1.1808991,0.0,0,0,1.0
312,0.94174868,-0.023888486,0.33539119,-0.68640846,-0.004019599,0.99658173,0.082268961,-0.51017904,-0.33621672,-0.078824446,0.93845218,-0.20949312,0.0,0,0,1.0
313,0.027845204,0.14432569,-0.98907101,0.7751646,-0.38801199,0.91342646,0.12236795,-0.99498814,0.92115808,0.38039166,0.081439756,1.1888682,0.0,0,0,1.0
314,0.020169267,0.15218514,-0.98807859,0.7751295,-0.38677457,0.91251469,0.13265552,-0.98401272,0.92187804,0.37951571,0.077270947,1.1920269,0.0,0,0,1.0
315,0.010856505,0.15771933,-0.98735666,0.77393657,-0.39205316,0.90901947,0.14089891,-0.97405291,0.91980237,0.38559464,0.071707681,1.192305,0.0,0,0,1.0
316,0.005650372,0.16804752,-0.98569471,0.77248746,-0.39239973,0.90701413,0.15238801,-0.95777792,0.91970134,0.38595343,0.071071282,1.1890821,0.0,0,0,1.0
317,-0.001586063,0.17468835,-0.98455429,0.76981372,-0.39473918,0.90448582,0.16112156,-0.95119882,0.91871542,0.38892618,0.06752608,1.1880057,0.0,0,0,1.0
318,-0.009307689,0.18176633,-0.98322916,0.76816583,-0.39523926,0.90252841,0.17059268,-0.94446898,0.91845447,0.39022723,0.063444793,1.188444,0.0,0,0,1.0
319,-0.00636998,0.19405486,-0.980901,0.76775151,-0.39525613,0.90054595,0.18072829,-0.92852718,0.91847223,0.38888711,0.07096947,1.1906422,0.0,0,0,1.0
320,-0.004214919,0.20412669,-0.97886592,0.76484925,-0.39528257,0.89880574,0.18913686,-0.91356605,0.91847295,0.38775459,0.076904297,1.1886215,0.0,0,0,1.0
321,-0.002725219,0.21182258,-0.97723454,0.7568503,-0.39698675,0.89669585,0.19547561,-0.91458923,0.91774303,0.3885107,0.081652366,1.1780237,0.0,0,0,1.0
322,-0.001015317,0.21593897,-0.97633618,0.75287598,-0.3972384,0.89590502,0.19856606,-0.90469885,0.91763741,0.38806877,0.084875137,1.1734817,0.0,0,0,1.0
323,0.94162154,-0.022409962,0.33584949,-0.6841538,-0.003954606,0.99695534,0.077610634,-0.51078635,-0.33657297,-0.074407496,0.93868482,-0.20553274,0.0,0,0,1.0
324,-0.001840864,0.22129959,-0.97513378,0.74601889,-0.40083674,0.89319891,0.20346485,-0.89901453,0.91606992,0.39127326,0.087066442,1.1664472,0.0,0,0,1.0
325,-0.003164,0.22695659,-0.97382909,0.74120915,-0.39824393,0.89298391,0.20941202,-0.89094555,0.91719615,0.38851327,0.087564386,1.1630673,0.0,0,0,1.0
326,-0.0046213,0.2321945,-0.97258753,0.7362054,-0.39697722,0.89224309,0.21490233,-0.88342857,0.91773868,0.3871173,0.088058345,1.1574783,0.0,0,0,1.0
327,-0.008545506,0.23058902,-0.97294277,0.73094475,-0.39237162,0.89416599,0.21536794,-0.87889475,0.919689,0.38362437,0.08284086,1.1511528,0.0,0,0,1.0
328,-0.008723236,0.23716164,-0.97135985,0.72899413,-0.38982463,0.89372957,0.22171144,-0.87390125,0.92076975,0.38062271,0.084660716,1.1454856,0.0,0,0,1.0
329,-0.010799872,0.23920818,-0.97083676,0.72895575,-0.39479268,0.89099127,0.22392933,-0.86839277,0.91862822,0.38572681,0.084820591,1.1410556,0.0,0,0,1.0
330,-0.009637826,0.23933083,-0.9708187,0.72924513,-0.3989659,0.88931322,0.2232013,-0.86851192,0.9168362,0.38950425,0.086919546,1.1299566,0.0,0,0,1.0
331,-0.003197818,0.2453175,-0.96936572,0.73553377,-0.40438625,0.88624907,0.22561999,-0.86426353,0.91450334,0.39274955,0.096375398,1.1194813,0.0,0,0,1.0
332,0.000475191,0.24836995,-0.96859312,0.73688602,-0.4075419,0.88454616,0.22662118,-0.86751807,0.91310668,0.39466473,0.10164833,1.1126049,0.0,0,0,1.0
333,0.025597084,0.25144404,-0.96746093,0.74703056,-0.40504611,0.88737994,0.21991703,-0.87249166,0.913858,0.38626677,0.12456921,1.0959128,0.0,0,0,1.0
334,0.96203065,-0.029402552,0.27126479,-0.67544848,-0.037221249,0.97072339,0.23721996,-0.48490301,-0.27030307,-0.238314,0.93278813,-0.28136817,0.0,0,0,1.0
335,0.94098562,-0.02064096,0.33773953,-0.68178505,-0.004073693,0.99735373,0.072303273,-0.51204801,-0.33834505,-0.069411539,0.93843037,-0.20071334,0.0,0,0,1.0
336,0.047806844,0.25711975,-0.96512365,0.75988239,-0.39875346,0.89080167,0.2175702,-0.86532718,0.91573131,0.37447399,0.14512359,1.0843687,0.0,0,0,1.0
337,0.054952055,0.26074103,-0.96377045,0.76836836,-0.39337665,0.89281082,0.21911658,-0.85754144,0.9176538,0.36711243,0.15164149,1.0830119,0.0,0,0,1.0
338,0.069474369,0.26998299,-0.96028173,0.78243661,-0.39226466,0.89245391,0.22253616,-0.85244453,0.91714489,0.3612524,0.16791889,1.0708234,0.0,0,0,1.0
339,0.086113378,0.274748,-0.95757842,0.79682136,-0.38809958,0.89446998,0.22174223,-0.84837145,0.91750538,0.35256869,0.18366797,1.0580769,0.0,0,0,1.0
340,0.099944733,0.27861214,-0.95511454,0.81839913,-0.38272873,0.89682543,0.22156186,-0.84859341,0.91835845,0.34343335,0.19627936,1.0417253,0.0,0,0,1.0
341,0.10480012,0.28022096,-0.95412266,0.83759993,-0.37933922,0.89812845,0.22211163,-0.83750075,0.91922289,0.33868617,0.20043659,1.0384731,0.0,0,0,1.0
342,0.10916891,0.28673995,-0.95169288,0.85008752,-0.37910557,0.89705646,0.2267932,-0.83715039,0.91881061,0.33606043,0.20664968,1.0301957,0.0,0,0,1.0
343,0.11421802,0.29778054,-0.94770128,0.86490971,-0.37777811,0.89529592,0.23578601,-0.82706839,0.91874325,0.33111647,0.21476878,1.0235182,0.0,0,0,1.0
344,0.12466037,0.30982873,-0.94250864,0.87170279,-0.37486088,0.89421779,0.24437551,-0.83303374,0.91858035,0.32287186,0.22763206,1.0082694,0.0,0,0,1.0
345,0.13014565,0.31538048,-0.93992209,0.88233119,-0.37323585,0.8938334,0.24823813,-0.83296394,0.91848123,0.31853133,0.23405619,1.0031505,0.0,0,0,1.0
346,0.94086331,-0.017906701,0.33823597,-0.67789739,-0.00406342,0.99791229,0.064134277,-0.51083726,-0.33868521,-0.061715089,0.93884528,-0.19659981,0.0,0,0,1.0
347,0.14137515,0.32016018,-0.93667853,0.89053899,-0.37098524,0.89436156,0.24970427,-0.83382893,0.91773266,0.31221732,0.24523236,0.99611294,0.0,0,0,1.0
348,0.14397353,0.32489449,-0.93465036,0.89730799,-0.37390652,0.89233208,0.25258955,-0.83976787,0.91614175,0.31313121,0.24996996,0.99418837,0.0,0,0,1.0
349,0.14792232,0.32408559,-0.93431425,0.90650344,-0.3707729,0.8939755,0.25139374,-0.838476,0.91678584,0.30925712,0.25241891,0.99474543,0.0,0,0,1.0
350,0.1429736,0.32756057,-0.93387252,0.91534466,-0.36754254,0.89366102,0.25718808,-0.84192479,0.91886908,0.306492,0.24817988,1.0008416,0.0,0,0,1.0
351,0.14027311,0.32767504,-0.93424171,0.92297024,-0.36250344,0.89504915,0.25950181,-0.84660661,0.92128384,0.30228966,0.24435195,1.0067921,0.0,0,0,1.0
352,0.13239472,0.32872075,-0.93502349,0.93573749,-0.35667661,0.89593357,0.26447621,-0.84375221,0.92471737,0.29851043,0.23588057,1.0175678,0.0,0,0,1.0
353,0.1216855,0.33693883,-0.93355197,0.94539076,-0.3592464,0.89172316,0.27501705,-0.85191846,0.92519343,0.30193454,0.22957014,1.0249405,0.0,0,0,1.0
354,0.12549248,0.34377733,-0.93054998,0.95415509,-0.36270311,0.88892883,0.27948916,-0.85947311,0.92333424,0.30246457,0.23625982,1.0259515,0.0,0,0,1.0
355,0.12166499,0.34248066,-0.93153602,0.96683109,-0.35656592,0.89093739,0.28098622,-0.86187088,0.92623234,0.29799244,0.23052922,1.0359899,0.0,0,0,1.0
356,0.12077288,0.34311989,-0.93141675,0.98001593,-0.35687551,0.89055777,0.2817952,-0.86543852,0.92622983,0.29839128,0.23002267,1.0407302,0.0,0,0,1.0
357,0.93921703,-0.014763116,0.34292981,-0.67192954,-0.003672386,0.99856442,0.053046476,-0.51668108,-0.34322786,-0.051080309,0.93783391,-0.18620755,0.0,0,0,1.0
358,0.12018405,0.34050247,-0.93245274,0.99605751,-0.35570633,0.89166552,0.27976283,-0.86648566,0.92675591,0.29808101,0.22829907,1.051615,0.0,0,0,1.0
359,0.12383157,0.34115493,-0.93173677,1.0085331,-0.35313118,0.89264232,0.27990973,-0.87043089,0.9272604,0.29438803,0.23102617,1.0562608,0.0,0,0,1.0
360,0.12517415,0.34176022,-0.93133539,1.022266,-0.35197878,0.89295298,0.28037032,-0.87113702,0.92751825,0.29273933,0.23208347,1.0603591,0.0,0,0,1.0
361,0.12896083,0.34697831,-0.92888564,1.0344981,-0.35015726,0.892299,0.28469959,-0.87340903,0.92768884,0.28856486,0.23658548,1.0648901,0.0,0,0,1.0
362,0.13543101,0.35519859,-0.92484903,1.0429076,-0.34732166,0.89123398,0.29142961,-0.88019192,0.92783278,0.28177488,0.24408625,1.0600523,0.0,0,0,1.0
363,0.14727664,0.35823002,-0.92186451,1.0526204,-0.34504768,0.89208269,0.29153395,-0.88268387,0.92687589,0.27517399,0.25500751,1.0524573,0.0,0,0,1.0
364,0.15719891,0.3578774,-0.92036134,1.0624493,-0.34158239,0.8941294,0.28933603,-0.88494653,0.92652959,0.26891851,0.2628195,1.0507138,0.0,0,0,1.0
365,0.16871686,0.35941446,-0.91771919,1.0724258,-0.33887962,0.89545995,0.28839737,-0.88654411,0.92549568,0.26236099,0.27289686,1.0477048,0.0,0,0,1.0
366,0.18613905,0.36119065,-0.91364419,1.0814664,-0.34055865,0.8959673,0.28482088,-0.88834757,0.9215306,0.25815505,0.28980172,1.0382113,0.0,0,0,1.0
367,0.20467819,0.36104044,-0.9097299,1.0932971,-0.34102258,0.89747947,0.27945405,-0.89313734,0.9174186,0.2530618,0.30683926,1.0241007,0.0,0,0,1.0
368,0.93877274,-0.012161568,0.34424558,-0.66793716,-0.004010165,0.99890196,0.046225745,-0.51927543,-0.34443706,-0.044774543,0.93771273,-0.18161128,0.0,0,0,1.0
369,0.21869846,0.35661337,-0.90821236,1.1054361,-0.3406567,0.90008801,0.27139419,-0.88531762,0.91431421,0.25005651,0.3183533,1.0146247,0.0,0,0,1.0
370,0.23075363,0.35329866,-0.90652329,1.1163248,-0.34167162,0.90176207,0.26447263,-0.88404894,0.91096622,0.24872658,0.32882047,1.003584,0.0,0,0,1.0
371,0.24516845,0.35027632,-0.90390849,1.1270274,-0.33983275,0.90425956,0.2582404,-0.88032174,0.90788329,0.24388635,0.34075564,0.99480891,0.0,0,0,1.0
372,0.26130843,0.34968472,-0.89960551,1.1372904,-0.33801594,0.90612876,0.25403824,-0.88158882,0.90405148,0.23771933,0.3550036,0.98191774,0.0,0,0,1.0
373,0.28011414,0.35421494,-0.89214295,1.144722,-0.33814308,0.90619659,0.25362617,-0.88410354,0.89835471,0.2306478,0.37364075,0.96012366,0.0,0,0,1.0
374,0.29921669,0.36421528,-0.88185453,1.1531427,-0.33966982,0.90431947,0.25824323,-0.88673759,0.89159364,0.22228821,0.39432892,0.93671507,0.0,0,0,1.0
375,0.32034209,0.3698307,-0.87204176,1.1617858,-0.34222087,0.90357202,0.25748947,-0.88655478,0.88323891,0.21596532,0.4160462,0.91748285,0.0,0,0,1.0
376,0.3428857,0.37141973,-0.86274397,1.1704305,-0.34378299,0.90433276,0.25269291,-0.88911599,0.87412107,0.2099707,0.43780252,0.90033764,0.0,0,0,1.0
377,0.36370763,0.36833388,-0.85550964,1.1831766,-0.34309793,0.90682423,0.2445644,-0.88775516,0.8659361,0.20459211,0.45622683,0.88864785,0.0,0,0,1.0
378,0.3738479,0.36857778,-0.85102159,1.1883764,-0.34118748,0.90787852,0.24332163,-0.88544714,0.86236495,0.19941077,0.46519673,0.88474137,0.0,0,0,1.0
379,0.93835413,-0.010592939,0.34543669,-0.66410369,-0.002482518,0.9992767,0.037387282,-0.52067167,-0.3455902,-0.035938375,0.93766874,-0.17517863,0.0,0,0,1.0
380,0.39082095,0.36478406,-0.84500945,1.2002355,-0.33684066,0.91103822,0.23749809,-0.87946874,0.85652876,0.19183193,0.47896203,0.87771374,0.0,0,0,1.0
381,0.40440661,0.36851034,-0.83696145,1.2046143,-0.33642802,0.91092354,0.23851901,-0.88413084,0.85036182,0.18513577,0.49239698,0.8693099,0.0,0,0,1.0
382,0.41610086,0.36847112,-0.83122689,1.2107556,-0.33762151,0.91139638,0.23500061,-0.88575155,0.84422475,0.18287303,0.50367373,0.8647396,0.0,0,0,1.0
383,0.42698419,0.36444551,-0.82747388,1.213789,-0.34068519,0.91250688,0.22610028,-0.89251423,0.83753306,0.18538396,0.51382512,0.86031914,0.0,0,0,1.0
384,0.43893582,0.34899577,-0.82788056,1.2214891,-0.33879185,0.91767842,0.20722598,-0.89578569,0.83210498,0.18953775,0.52107733,0.86280721,0.0,0,0,1.0
385,0.44763041,0.33170483,-0.83032984,1.2298317,-0.33319151,0.923576,0.18933247,-0.89996099,0.82973069,0.19192554,0.52398062,0.86834466,0.0,0,0,1.0
386,0.45507675,0.31321603,-0.83345634,1.2390341,-0.3278552,0.92919576,0.17018326,-0.90458018,0.82780343,0.19582455,0.52558362,0.87690723,0.0,0,0,1.0
387,0.45760286,0.29854807,-0.83744675,1.24567,-0.3293843,0.93177223,0.15219158,-0.91167116,0.82580125,0.20621739,0.52475733,0.88363665,0.0,0,0,1.0
388,0.46394283,0.28495023,-0.83869433,1.2543079,-0.32400966,0.93575466,0.13869455,-0.89543414,0.82438856,0.20741783,0.52650219,0.89600635,0.0,0,0,1.0
389,0.46384194,0.2844339,-0.83892512,1.2556373,-0.32694593,0.93508905,0.13627031,-0.90008205,0.8232851,0.21109478,0.52676708,0.90004027,0.0,0,0,1.0
390,0.93781942,-0.009748929,0.34691009,-0.66091114,-0.000321823,0.99955946,0.028960364,-0.52110285,-0.34704685,-0.027269274,0.93742287,-0.16929759,0.0,0,0,1.0
391,0.47445568,0.26447427,-0.83951896,1.2650757,-0.33037826,0.93749899,0.10862818,-0.88872099,0.81583279,0.22584039,0.53221798,0.91693282,0.0,0,0,1.0
392,0.48800263,0.24568741,-0.83745891,1.2667137,-0.32381496,0.94197339,0.087657303,-0.89103866,0.81045556,0.22842588,0.53928316,0.92701423,0.0,0,0,1.0
393,0.49944046,0.23367536,-0.83414686,1.2666159,-0.32978171,0.94164586,0.066336125,-0.89455384,0.80102682,0.24197772,0.54739898,0.93453282,0.0,0,0,1.0
394,0.5179044,0.22391722,-0.82551891,1.2659461,-0.32754862,0.94341123,0.050402321,-0.90146905,0.79014385,0.24431659,0.56198281,0.93926573,0.0,0,0,1.0
395,0.5305568,0.21505286,-0.81982106,1.2613419,-0.3274928,0.94410056,0.035713799,-0.91774297,0.78172749,0.24956043,0.57137012,0.93987781,0.0,0,0,1.0
396,0.53854817,0.2118625,-0.81542921,1.2588553,-0.32887727,0.94387835,0.028030796,-0.92149991,0.77565807,0.2531037,0.57804412,0.93958855,0.0,0,0,1.0
397,0.55518407,0.1982484,-0.80765867,1.2504112,-0.32722884,0.94484097,0.006985575,-0.93105048,0.76454663,0.26043513,0.58947766,0.93783146,0.0,0,0,1.0
398,0.5724771,0.18493825,-0.79869372,1.2413254,-0.32267261,0.94635427,-0.01215055,-0.94401789,0.75365222,0.2646971,0.60148609,0.93248582,0.0,0,0,1.0
399,0.57752705,0.17786722,-0.7966612,1.2384399,-0.31763658,0.94795138,-0.018619247,-0.94875813,0.75193644,0.26382646,0.60401052,0.93155819,0.0,0,0,1.0
400,0.58766311,0.16425982,-0.79215759,1.2299036,-0.3131921,0.94894493,-0.035569821,-0.95703346,0.7459231,0.26902571,0.60915112,0.92521507,0.0,0,0,1.0
401,0.93779886,-0.01212658,0.34689066,-0.65030599,0.005717896,0.99977267,0.019492473,-0.52334213,-0.34705546,-0.016294215,0.93767476,-0.15758428,0.0,0,0,1.0
402,0.59740365,0.15195455,-0.78731287,1.2212451,-0.30891457,0.94963682,-0.05111552,-0.96238893,0.73994553,0.2737745,0.61430407,0.91953993,0.0,0,0,1.0
403,0.6026895,0.14780131,-0.78406823,1.2153723,-0.3054623,0.95049971,-0.05562355,-0.96475947,0.73708665,0.27305245,0.61805075,0.91602868,0.0,0,0,1.0
404,0.60977387,0.13480836,-0.78092569,1.2042687,-0.29528615,0.95304501,-0.066047296,-0.96907848,0.73540491,0.27089581,0.620996,0.90849996,0.0,0,0,1.0
405,0.61356556,0.1315856,-0.77850145,1.1994644,-0.29233924,0.95372945,-0.069198117,-0.96859956,0.73342562,0.27006936,0.62369049,0.9053179,0.0,0,0,1.0
406,0.62081683,0.12459263,-0.77388942,1.1865977,-0.28262901,0.95638829,-0.072750047,-0.97397816,0.73112595,0.26391283,0.62900323,0.89427555,0.0,0,0,1.0
407,0.62122303,0.12039366,-0.7742278,1.1768183,-0.27699006,0.95799625,-0.073278844,-0.96855664,0.73293632,0.26000035,0.62852502,0.89118648,0.0,0,0,1.0
408,0.62317908,0.11949698,-0.77279335,1.1684798,-0.27612877,0.95814979,-0.074509203,-0.97165,0.73159945,0.25984749,0.63014352,0.88537097,0.0,0,0,1.0
409,0.62566537,0.11542834,-0.77140141,1.1566349,-0.26863849,0.96030134,-0.074190095,-0.96762478,0.73226577,0.25367019,0.63188422,0.8805998,0.0,0,0,1.0
410,0.62460053,0.11414722,-0.77245396,1.150722,-0.26761949,0.96056598,-0.074448347,-0.96735102,0.73354661,0.25324816,0.6305663,0.87949544,0.0,0,0,1.0
411,0.62436265,0.11387888,-0.77268559,1.1400429,-0.26922759,0.95999002,-0.076061502,-0.962084,0.7331605,0.2555424,0.6300894,0.88288385,0.0,0,0,1.0
412,0.9382816,-0.010556368,0.34563386,-0.6456055,0.005875461,0.99985516,0.014588227,-0.52770805,-0.34574515,-0.01165464,0.93822759,-0.15044868,0.0,0,0,1.0
413,0.61984801,0.11289435,-0.77645552,1.1258804,-0.27247688,0.95890933,-0.078095086,-0.96349984,0.73578596,0.25999779,0.62518698,0.8825615,0.0,0,0,1.0
414,0.61922032,0.11312597,-0.77692223,1.1175572,-0.27653933,0.95750546,-0.080984443,-0.96329063,0.73479789,0.26502177,0.62423849,0.88300633,0.0,0,0,1.0
415,0.61866677,0.11671456,-0.77683216,1.1035154,-0.28102663,0.95626956,-0.080133058,-0.96223462,0.73356038,0.26791146,0.62446022,0.88777477,0.0,0,0,1.0
416,0.61714393,0.1188655,-0.77771664,1.0942985,-0.28183451,0.95624918,-0.077491142,-0.96056104,0.73453236,0.26703581,0.6236921,0.8910436,0.0,0,0,1.0
417,0.61312211,0.11872797,-0.78091198,1.0786121,-0.28114641,0.95662719,-0.075293303,-0.96269721,0.73815513,0.26573977,0.61995727,0.90039051,0.0,0,0,1.0
418,0.61030817,0.11468008,-0.78371608,1.0697085,-0.27886671,0.95714992,-0.077103578,-0.96256518,0.74134469,0.26563442,0.61618465,0.90702152,0.0,0,0,1.0
419,0.60514641,0.10783929,-0.788674,1.0508604,-0.2747485,0.95811915,-0.079803325,-0.96545976,0.74709123,0.26500472,0.60947806,0.91859061,0.0,0,0,1.0
420,0.59645903,0.092295662,-0.79721755,1.031572,-0.26993605,0.95848954,-0.090991244,-0.97091174,0.75578094,0.26949573,0.59665978,0.93222636,0.0,0,0,1.0
421,0.59260476,0.092187837,-0.80009907,1.0232882,-0.2694231,0.95881361,-0.089075111,-0.96862471,0.75898898,0.26837689,0.59308094,0.9405635,0.0,0,0,1.0
422,0.58296007,0.10130537,-0.8060596,1.0034182,-0.27515164,0.95810401,-0.07857962,-0.98045832,0.76438373,0.26762274,0.58645618,0.95460218,0.0,0,0,1.0
423,0.93798304,-0.009768141,0.34646642,-0.64012557,0.006738414,0.99990666,0.009948738,-0.5327248,-0.3465386,-0.006994498,0.93798131,-0.1441808,0.0,0,0,1.0
424,0.57835597,0.098422654,-0.80972463,0.99190891,-0.27518883,0.95796609,-0.080113761,-0.98595691,0.7678594,0.269187,0.58117563,0.96208364,0.0,0,0,1.0
425,0.57084912,0.093000509,-0.81567061,0.97051424,-0.27810794,0.95665121,-0.085558012,-0.99009937,0.77241135,0.27571139,0.57201248,0.97770947,0.0,0,0,1.0
426,0.56286538,0.095638722,-0.82089698,0.95042771,-0.27917677,0.95682502,-0.079946578,-0.99567604,0.77786547,0.27420062,0.56530803,0.99310744,0.0,0,0,1.0
427,0.55997747,0.10031642,-0.8223123,0.94075376,-0.28302425,0.95600754,-0.076105535,-0.99819285,0.77855885,0.27537796,0.563779,1.0004337,0.0,0,0,1.0
428,0.5577755,0.10390685,-0.82336205,0.91922337,-0.29045182,0.95375359,-0.076398991,-1.0054083,0.777403,0.28178734,0.56220478,1.0113155,0.0,0,0,1.0
429,0.55573696,0.11221034,-0.82365066,0.90240651,-0.29862827,0.95157939,-0.071851395,-1.0082741,0.77576333,0.28592306,0.56238157,1.022244,0.0,0,0,1.0
430,0.55309486,0.11428122,-0.82514268,0.88307089,-0.30119908,0.95089233,-0.070195526,-1.0145659,0.77665693,0.28738451,0.56039977,1.0307436,0.0,0,0,1.0
431,0.55080104,0.11412926,-0.82669646,0.87525576,-0.30491957,0.94956559,-0.072064698,-1.0131141,0.77683496,0.29179713,0.55786669,1.0372217,0.0,0,0,1.0
432,0.55108082,0.11394479,-0.82653511,0.85811913,-0.30847484,0.94819248,-0.074953698,-1.010249,0.77523088,0.29629913,0.55772471,1.0460984,0.0,0,0,1.0
433,0.55075163,0.12110344,-0.82573605,0.83904457,-0.30953237,0.94841796,-0.067355432,-1.0097824,0.77504301,0.29271618,0.55987346,1.0500151,0.0,0,0,1.0
434,0.93729657,-0.008307668,0.34835631,-0.63596159,0.007740246,0.99994409,0.003021366,-0.53616041,-0.34836945,-0.000132719,0.93732864,-0.13804026,0.0,0,0,1.0
435,0.55022472,0.12232716,-0.82590663,0.82963914,-0.30898264,0.94873905,-0.065325029,-1.0092548,0.7756362,0.29116225,0.55986202,1.0540535,0.0,0,0,1.0
436,0.54986936,0.12445033,-0.82582605,0.81050646,-0.30868712,0.9490242,-0.062519595,-1.0073428,0.7760058,0.28932732,0.56030107,1.061167,0.0,0,0,1.0
437,0.55435175,0.12454892,-0.82280868,0.78776371,-0.30862194,0.94892716,-0.064287581,-1.0059334,0.77283591,0.28960267,0.56452394,1.0649369,0.0,0,0,1.0
438,0.55837351,0.1229171,-0.82033086,0.77612311,-0.30731142,0.94916791,-0.0669543,-1.0003844,0.77045912,0.28951055,0.56781024,1.067235,0.0,0,0,1.0
439,0.56780982,0.11764064,-0.81460702,0.74883282,-0.30471969,0.94937831,-0.075295739,-0.99694008,0.76456916,0.29100862,0.57496047,1.0670058,0.0,0,0,1.0
440,0.57298201,0.1156987,-0.81125641,0.73510617,-0.30190966,0.9500789,-0.077737421,-0.9949556,0.7618202,0.28949639,0.5793559,1.0667613,0.0,0,0,1.0
441,0.58139801,0.111591,-0.80582547,0.70675927,-0.29458946,0.95212811,-0.080692142,-0.99096304,0.75830114,0.28432971,0.58648682,1.0651865,0.0,0,0,1.0
442,0.58990484,0.11064933,-0.79974979,0.67684579,-0.29031286,0.95330828,-0.082242049,-0.99031502,0.75336426,0.2807202,0.59453267,1.0605167,0.0,0,0,1.0
443,0.59356362,0.11179382,-0.79687822,0.66171098,-0.28737479,0.95437497,-0.080164164,-0.99131787,0.75161493,0.27661252,0.59865785,1.0585315,0.0,0,0,1.0
444,0.60250163,0.11512329,-0.78966349,0.63196659,-0.28608194,0.95485449,-0.07906916,-0.99346226,0.74496686,0.27357489,0.6082859,1.0527973,0.0,0,0,1.0
445,0.9623208,-0.029233655,0.27025196,-0.67496401,-0.03734038,0.97054088,0.23794681,-0.48607868,-0.26925161,-0.23907681,0.93289697,-0.2809082,0.0,0,0,1.0
446,0.93743593,0.000672552,0.34807912,-0.62930322,0.004700373,0.99986094,-0.014589904,-0.5366345,-0.34804815,0.015316541,0.93732285,-0.12417711,0.0,0,0,1.0
447,0.61041415,0.11475449,-0.78361684,0.60478669,-0.2799167,0.95677292,-0.077933997,-0.99059194,0.74085575,0.26694608,0.61620003,1.0494846,0.0,0,0,1.0
448,0.61433583,0.11547647,-0.78043938,0.59144908,-0.27996737,0.95668483,-0.078825764,-0.99031639,0.73758757,0.26694974,0.62010652,1.0467061,0.0,0,0,1.0
449,0.6218518,0.11780935,-0.77411222,0.56522048,-0.27829617,0.95724982,-0.077876873,-0.98948908,0.73189956,0.26388687,0.62810546,1.0416017,0.0,0,0,1.0
450,0.62778586,0.12137689,-0.76875246,0.54214197,-0.28063139,0.95654589,-0.078144021,-0.99053925,0.72591734,0.26482055,0.63462096,1.0368347,0.0,0,0,1.0
451,0.63123554,0.11895238,-0.76630247,0.53048956,-0.27707222,0.95746189,-0.079609543,-0.98714852,0.72429097,0.26260006,0.63739574,1.0352197,0.0,0,0,1.0
452,0.63515341,0.12193456,-0.76258719,0.50835949,-0.276999,0.95764911,-0.077585749,-0.9900794,0.72088569,0.26054111,0.64208359,1.0292788,0.0,0,0,1.0
453,0.63956076,0.12152334,-0.75896049,0.49640089,-0.27594325,0.95782447,-0.079166219,-0.98859704,0.71738529,0.260088,0.64617461,1.0263212,0.0,0,0,1.0
454,0.64366537,0.12388951,-0.75509787,0.47820637,-0.2709251,0.95970798,-0.073483229,-0.98549354,0.71562457,0.25189927,0.65135008,1.0236318,0.0,0,0,1.0
455,0.64520538,0.12446806,-0.75368714,0.46845812,-0.27122435,0.95960605,-0.073710695,-0.9865576,0.71412283,0.25200254,0.65295631,1.0210724,0.0,0,0,1.0
456,0.64974433,0.12672363,-0.74939954,0.45223987,-0.26964572,0.96022445,-0.071413778,-0.98206574,0.71059626,0.2484985,0.658126,1.0181313,0.0,0,0,1.0
457,0.93686497,0.004489836,0.34958446,-0.62549919,0.001661868,0.99982744,-0.017293802,-0.54210407,-0.34960946,0.016786313,0.93671644,-0.11714322,0.0,0,0,1.0
458,0.65001589,0.12643871,-0.74921221,0.44428986,-0.26921937,0.96033692,-0.071505681,-0.98502076,0.71050936,0.24820773,0.65832919,1.0160595,0.0,0,0,1.0
459,0.65160859,0.12803796,-0.74755502,0.43193129,-0.27210045,0.95942318,-0.072851099,-0.97921795,0.70794809,0.2509062,0.66006297,1.015174,0.0,0,0,1.0
460,0.65083385,0.13753451,-0.74654233,0.42030632,-0.27780959,0.95830637,-0.065646194,-0.98039597,0.70644164,0.25014707,0.66196215,1.0155755,0.0,0,0,1.0
461,0.65112013,0.1390319,-0.74601519,0.41415748,-0.28188381,0.95697391,-0.067680076,-0.98306137,0.70456123,0.25438353,0.66235149,1.0147105,0.0,0,0,1.0
462,0.65546083,0.13865311,-0.74227494,0.40343514,-0.28032327,0.95735884,-0.06870804,-0.9804914,0.7011506,0.25313842,0.66643512,1.0176815,0.0,0,0,1.0
463,0.65759808,0.1367936,-0.74072784,0.39204109,-0.27827087,0.95785278,-0.070150293,-0.98279721,0.69996589,0.25227976,0.66800427,1.0205884,0.0,0,0,1.0
464,0.65868902,0.13815007,-0.73950541,0.38695464,-0.2786639,0.9578017,-0.069279402,-0.98024398,0.69878244,0.25173312,0.66944766,1.0243773,0.0,0,0,1.0
465,0.65867329,0.13647257,-0.73983055,0.37515301,-0.27651122,0.95841765,-0.06938456,-0.98348582,0.69965154,0.25029916,0.66907716,1.0292882,0.0,0,0,1.0
466,0.6572516,0.13415241,-0.74151725,0.36915734,-0.27537405,0.95865285,-0.070644885,-0.98510832,0.70143473,0.25065213,0.6670751,1.0316496,0.0,0,0,1.0
467,0.65406018,0.12974544,-0.74511445,0.35746375,-0.27166662,0.95965666,-0.071365021,-0.98489487,0.70584947,0.24912567,0.66297746,1.0404065,0.0,0,0,1.0
468,0.93650746,0.010155437,0.35042211,-0.62044394,-0.003279591,0.99976861,-0.020207902,-0.53924948,-0.35055408,0.017779034,0.93634492,-0.10970035,0.0,0,0,1.0
469,0.65157032,0.12496752,-0.7481063,0.34660077,-0.27053702,0.95967358,-0.075317822,-0.98258001,0.70858049,0.25149146,0.65915966,1.0509665,0.0,0,0,1.0
470,0.65305465,0.12655562,-0.74654347,0.33974028,-0.26847488,0.96050495,-0.072027139,-0.98540711,0.70799786,0.2474916,0.66129577,1.0554701,0.0,0,0,1.0
471,0.65333039,0.12390161,-0.74674731,0.33189735,-0.26345253,0.96197969,-0.070881605,-0.99103051,0.70962805,0.24306698,0.6611895,1.0596238,0.0,0,0,1.0
472,0.65323848,0.12289365,-0.7469939,0.31727225,-0.26067013,0.96283436,-0.06955006,-0.99280655,0.71073908,0.24017705,0.66105211,1.0697228,0.0,0,0,1.0
473,0.65470588,0.12402559,-0.74552047,0.31056002,-0.25981092,0.96318233,-0.067926347,-0.99230254,0.70970237,0.23819129,0.66288149,1.0757838,0.0,0,0,1.0
474,0.6484881,0.12788314,-0.75028759,0.29701275,-0.26052871,0.96345395,-0.060963582,-0.9994598,0.71512699,0.23503055,0.65816271,1.0837039,0.0,0,0,1.0
475,0.64723742,0.13130386,-0.75077629,0.29038793,-0.26665175,0.96173143,-0.061680209,-0.99929416,0.71400213,0.24014312,0.65753818,1.0874805,0.0,0,0,1.0
476,0.64880335,0.13143121,-0.74940097,0.27775875,-0.26708186,0.96155322,-0.06259077,-1.0019192,0.71241826,0.24078621,0.65901923,1.0929433,0.0,0,0,1.0
477,0.64831448,0.13667403,-0.74888599,0.2660225,-0.26764172,0.96179414,-0.056168608,-1.0028623,0.7126531,0.23687343,0.66018236,1.0976846,0.0,0,0,1.0
478,0.64886492,0.14153968,-0.74750394,0.25861213,-0.26873228,0.96176946,-0.051160507,-1.0090003,0.71174091,0.23409986,0.66215265,1.0969726,0.0,0,0,1.0
479,0.93674868,0.008520931,0.34981987,-0.61341894,-0.000621189,0.99972039,-0.022686664,-0.54912621,-0.34992322,0.021037931,0.93651319,-0.10654935,0.0,0,0,1.0
480,0.64741641,0.1389019,-0.74925256,0.24541529,-0.26815343,0.96180916,-0.053399898,-1.0077187,0.71327662,0.2355119,0.65999579,1.1001519,0.0,0,0,1.0
481,0.64648628,0.14033094,-0.74978882,0.23847002,-0.27104136,0.96097445,-0.053842258,-1.0074964,0.71302837,0.23805766,0.65935028,1.1000894,0.0,0,0,1.0
482,0.64924949,0.14433627,-0.74663401,0.22361092,-0.27428919,0.96010417,-0.052910261,-1.0069951,0.70926571,0.23917142,0.66299546,1.0995505,0.0,0,0,1.0
483,0.65100557,0.14562277,-0.74485254,0.21533087,-0.27549499,0.95974535,-0.053149261,-1.0058544,0.70718533,0.23982963,0.66497684,1.0985909,0.0,0,0,1.0
484,0.65511054,0.15276228,-0.73980606,0.19708407,-0.27888787,0.9589889,-0.048939295,-1.0042869,0.70204574,0.23840953,0.6709069,1.0951996,0.0,0,0,1.0
485,0.65797848,0.15219107,-0.73737437,0.18797587,-0.27959311,0.95864242,-0.051629141,-1.0008954,0.69907677,0.24016187,0.67337757,1.0943801,0.0,0,0,1.0
486,0.66896665,0.15270634,-0.72731209,0.16589467,-0.27945516,0.95844871,-0.055802282,-0.99814391,0.68862504,0.24060729,0.68390566,1.0871816,0.0,0,0,1.0
487,0.67608869,0.15328333,-0.72057384,0.15338916,-0.27882442,0.95851928,-0.057711996,-0.99769193,0.6818921,0.23995835,0.69084471,1.0823827,0.0,0,0,1.0
488,0.68978077,0.14795719,-0.70861065,0.13085736,-0.27027425,0.96066505,-0.062507421,-0.98950309,0.67154282,0.23466155,0.70270008,1.0758609,0.0,0,0,1.0
489,0.6966424,0.14662124,-0.70214611,0.11761375,-0.26623058,0.96174067,-0.063315347,-0.99010015,0.66605246,0.23106654,0.70908785,1.0698806,0.0,0,0,1.0
490,0.93623865,0.012394739,0.35106662,-0.60328943,-0.000248355,0.99937814,-0.034620378,-0.5542506,-0.35128543,0.03232966,0.93568093,-0.094008662,0.0,0,0,1.0
491,0.70661771,0.14093405,-0.69328636,0.0922627,-0.25410739,0.96504712,-0.062815949,-0.9892928,0.6602543,0.22058076,0.71779621,1.0591614,0.0,0,0,1.0
492,0.71041203,0.1391338,-0.68976319,0.080333732,-0.25421888,0.96471995,-0.067234188,-0.98735934,0.6561268,0.22313987,0.72078389,1.0538712,0.0,0,0,1.0
493,0.71933436,0.13904124,-0.68047208,0.054514799,-0.25268823,0.96492845,-0.069956049,-0.98250777,0.64693236,0.22229409,0.72930586,1.0414301,0.0,0,0,1.0
494,0.72306597,0.13843018,-0.67663074,0.042277589,-0.24966031,0.96576995,-0.069210276,-0.98147935,0.64394093,0.21899614,0.73294193,1.0353425,0.0,0,0,1.0
495,0.73078477,0.13840137,-0.6682924,0.01956968,-0.24165909,0.96817791,-0.06375096,-0.97446465,0.63825446,0.20811088,0.74104244,1.0255363,0.0,0,0,1.0
496,0.73469603,0.13982138,-0.66369241,0.007822351,-0.23851335,0.96920675,-0.059846468,-0.97453809,0.63493884,0.20229162,0.74548876,1.0198787,0.0,0,0,1.0
497,0.73774058,0.14013124,-0.66024035,-0.002558436,-0.23490253,0.97028625,-0.056540664,-0.9751581,0.63275051,0.1968272,0.74880445,1.0145468,0.0,0,0,1.0
498,0.74655449,0.14329387,-0.64956772,-0.022502765,-0.23357435,0.9707343,-0.054307569,-0.97482121,0.62282634,0.19228823,0.75824422,1.0036451,0.0,0,0,1.0
499,0.75228697,0.1400276,-0.64363879,-0.031137658,-0.23004325,0.97139078,-0.057544284,-0.97266066,0.61721742,0.19137688,0.76304597,1.0000269,0.0,0,0,1.0
500,0.75908262,0.13536431,-0.63661921,-0.047238164,-0.22434537,0.97252971,-0.060713634,-0.97076166,0.61096269,0.18893138,0.76866829,0.99110079,0.0,0,0,1.0
501,0.93565983,0.016074644,0.35245752,-0.59973884,-0.002911381,0.99925691,-0.037843261,-0.56022781,-0.35281202,0.034386266,0.93503278,-0.087176353,0.0,0,0,1.0
502,0.76232314,0.13486235,-0.63284206,-0.054701522,-0.22441006,0.9723621,-0.063109852,-0.96730751,0.60689026,0.19014853,0.77158874,0.98807245,0.0,0,0,1.0
503,0.76507986,0.13491133,-0.6294955,-0.062357675,-0.22517593,0.97203666,-0.065353081,-0.96760762,0.60312545,0.19177011,0.77413499,0.98404074,0.0,0,0,1.0
504,0.76790881,0.13612026,-0.62577915,-0.075173959,-0.2257687,0.97187942,-0.065642938,-0.96218252,0.59929609,0.19171177,0.77711761,0.98016208,0.0,0,0,1.0
505,0.77034146,0.14021462,-0.62187266,-0.081610508,-0.22887824,0.97122562,-0.064539231,-0.96181566,0.59497881,0.19207308,0.780339,0.9783709,0.0,0,0,1.0
506,0.7758441,0.14560893,-0.61373883,-0.094431356,-0.23082335,0.97096676,-0.061430745,-0.96005893,0.58702409,0.18934841,0.78700107,0.97695071,0.0,0,0,1.0
507,0.77782923,0.14591621,-0.61114764,-0.10108608,-0.23060311,0.97100419,-0.061663494,-0.95904249,0.58447802,0.18891867,0.7889967,0.9768585,0.0,0,0,1.0
508,0.78078347,0.14478621,-0.60763901,-0.11211666,-0.23042332,0.97084576,-0.064753108,-0.95629627,0.58059675,0.19059497,0.79145521,0.97833854,0.0,0,0,1.0
509,0.78201252,0.14716758,-0.60548234,-0.11848837,-0.23173973,0.97062254,-0.063387796,-0.95380116,0.57841426,0.18990695,0.79321653,0.97917521,0.0,0,0,1.0
510,0.78288913,0.1501994,-0.60360223,-0.12524188,-0.2339377,0.97018445,-0.06200641,-0.95631415,0.57634008,0.18977204,0.79475701,0.97927457,0.0,0,0,1.0
511,0.78216136,0.14804898,-0.60507512,-0.1379662,-0.23214896,0.97057486,-0.06261421,-0.95378953,0.57804877,0.18946455,0.79358834,0.98225725,0.0,0,0,1.0
512,0.93493968,0.019682728,0.35418108,-0.59495026,-0.004384554,0.99900204,-0.043941505,-0.56192803,-0.35470065,0.03953388,0.93411416,-0.082726575,0.0,0,0,1.0
513,0.78207624,0.14681187,-0.60548651,-0.14383546,-0.23096527,0.97083694,-0.062929571,-0.95275933,0.5786379,0.1890846,0.79324955,0.98436469,0.0,0,0,1.0
514,0.78199333,0.14506863,-0.6060133,-0.14973252,-0.22917902,0.97124046,-0.063234322,-0.95241135,0.57945943,0.18835683,0.79282272,0.98685902,0.0,0,0,1.0
515,0.78045696,0.1403726,-0.60909182,-0.16345932,-0.22559126,0.97195941,-0.065061726,-0.94910258,0.58292818,0.18820614,0.79031169,0.99313277,0.0,0,0,1.0
516,0.78119189,0.14291087,-0.60755742,-0.1719498,-0.22716492,0.97169435,-0.06352409,-0.94916469,0.58133036,0.18766271,0.79161674,0.99598503,0.0,0,0,1.0
517,0.78198427,0.14407401,-0.60626197,-0.18107088,-0.2267828,0.97191083,-0.061548203,-0.95131254,0.58041352,0.18564177,0.7927652,0.99913234,0.0,0,0,1.0
518,0.78081125,0.13999812,-0.60872352,-0.19797795,-0.2203583,0.97356045,-0.05874965,-0.95215237,0.58445328,0.18003137,0.79108924,1.0080373,0.0,0,0,1.0
519,0.78050596,0.13727115,-0.60973501,-0.20635515,-0.2175343,0.9741714,-0.05914351,-0.95250529,0.58591682,0.17882173,0.79028034,1.0125511,0.0,0,0,1.0
520,0.77875692,0.12850773,-0.61386722,-0.22617258,-0.20908831,0.97590762,-0.06095415,-0.95558923,0.59129429,0.17584223,0.78693652,1.0209426,0.0,0,0,1.0
521,0.77690309,0.12925187,-0.61605579,-0.23550291,-0.20961675,0.97587752,-0.059602354,-0.95576251,0.59354132,0.17546216,0.78532791,1.0251784,0.0,0,0,1.0
522,0.77679181,0.13242015,-0.61552298,-0.2460438,-0.21265121,0.97528452,-0.058550157,-0.95821816,0.59260678,0.17639439,0.7858246,1.0288744,0.0,0,0,1.0
523,0.93400705,0.020444235,0.35659,-0.58797127,-0.002915014,0.99874121,-0.049623653,-0.56624359,-0.35716388,0.045313731,0.93291235,-0.077955857,0.0,0,0,1.0
524,0.77600694,0.12675807,-0.61770082,-0.26607502,-0.20822829,0.97606975,-0.061295584,-0.96339017,0.59519976,0.17621,0.7839039,1.0370853,0.0,0,0,1.0
525,0.77454019,0.12436094,-0.62002456,-0.2759265,-0.20756356,0.97606915,-0.063516572,-0.96554613,0.5973385,0.17791224,0.78188986,1.0412948,0.0,0,0,1.0
526,0.77384114,0.12354095,-0.62106037,-0.2858339,-0.20798995,0.97587836,-0.065034956,-0.96767181,0.59809554,0.17952278,0.78094232,1.0452547,0.0,0,0,1.0
527,0.77361822,0.12098575,-0.62184048,-0.30455911,-0.20762773,0.97572052,-0.068468817,-0.97157288,0.59850949,0.1821021,0.78002733,1.0534699,0.0,0,0,1.0
528,0.77462101,0.12066688,-0.62065291,-0.31367484,-0.20653033,0.97598511,-0.068015471,-0.97232008,0.5975914,0.18089175,0.78101218,1.057772,0.0,0,0,1.0
529,0.77487564,0.12090492,-0.62028849,-0.33186749,-0.20391148,0.97678477,-0.064338267,-0.97568268,0.59816033,0.17635955,0.78161293,1.0661974,0.0,0,0,1.0
530,0.7744031,0.12095549,-0.62086821,-0.34011599,-0.2036096,0.97689295,-0.063645884,-0.97858953,0.59887433,0.17572375,0.78120899,1.0700626,0.0,0,0,1.0
531,0.7741375,0.12249418,-0.62089759,-0.34806213,-0.20471953,0.97673166,-0.062550612,-0.9802705,0.59883916,0.1755541,0.78127384,1.0736638,0.0,0,0,1.0
532,0.77438933,0.12137474,-0.62080318,-0.36336318,-0.2027684,0.97718102,-0.061882701,-0.9847703,0.59917706,0.17382187,0.78140193,1.080398,0.0,0,0,1.0
533,0.77440524,0.12176841,-0.62070614,-0.37048984,-0.20359908,0.97697818,-0.062354013,-0.98522651,0.59887457,0.1746839,0.78144145,1.0839902,0.0,0,0,1.0
534,0.93170011,0.026749142,0.36216372,-0.58270073,-0.004845224,0.9980877,-0.061251439,-0.56717616,-0.36311811,0.055317916,0.93006986,-0.066026539,0.0,0,0,1.0
535,0.77503788,0.12345688,-0.61958182,-0.37666225,-0.20453635,0.97685456,-0.061209761,-0.98544592,0.59773552,0.17418829,0.78242338,1.0873988,0.0,0,0,1.0
536,0.77631241,0.13175738,-0.61626762,-0.38977593,-0.20738555,0.97676533,-0.052413072,-0.99177516,0.59509385,0.16851474,0.78567278,1.092479,0.0,0,0,1.0
537,0.77564085,0.12948835,-0.61759263,-0.39590928,-0.20510757,0.97723055,-0.05270515,-0.99146992,0.59675658,0.1675739,0.78461206,1.0959553,0.0,0,0,1.0
538,0.77487117,0.1276135,-0.61894751,-0.40168411,-0.20478629,0.97717685,-0.054903653,-0.99287331,0.59786564,0.16931608,0.78339285,1.0979711,0.0,0,0,1.0
539,0.77629095,0.1271597,-0.61725944,-0.41324279,-0.20932484,0.97577423,-0.06224006,-0.99417847,0.59444207,0.17754585,0.78417593,1.1023264,0.0,0,0,1.0
540,0.77664202,0.12759812,-0.61672717,-0.41826245,-0.2090179,0.97589904,-0.061306924,-0.99435741,0.59409136,0.17654216,0.78466797,1.1053149,0.0,0,0,1.0
541,0.77628249,0.13128731,-0.61640537,-0.42313129,-0.20927249,0.97618419,-0.055636212,-0.99411571,0.59447151,0.17220727,0.78534299,1.1080298,0.0,0,0,1.0
542,0.77514744,0.13831615,-0.61629659,-0.43554884,-0.21166626,0.97611475,-0.047153763,-0.99833953,0.59510475,0.16702092,0.7859832,1.1114964,0.0,0,0,1.0
543,0.77522153,0.14079919,-0.61564088,-0.44215837,-0.21361008,0.97575456,-0.045822635,-0.99836445,0.59431326,0.16705039,0.78657556,1.112785,0.0,0,0,1.0
544,0.77560985,0.14276733,-0.61469758,-0.448479,-0.2143921,0.97567093,-0.043909941,-1.0001552,0.59352434,0.16586377,0.78742182,1.1139271,0.0,0,0,1.0
545,0.93060535,0.03205746,0.364539,-0.57786864,-0.00837327,0.99773735,-0.066363275,-0.56854159,-0.36585027,0.058710482,0.92879009,-0.061038833,0.0,0,0,1.0
546,0.77860886,0.14037672,-0.61144769,-0.46307331,-0.21347438,0.97568762,-0.047837101,-0.99900693,0.58991718,0.16779552,0.78971982,1.1156825,0.0,0,0,1.0
547,0.77943909,0.14151548,-0.6101256,-0.46989083,-0.21332879,0.97579825,-0.046198595,-0.99860996,0.58887225,0.16618697,0.79083884,1.1169403,0.0,0,0,1.0
548,0.78429401,0.1398612,-0.6042574,-0.48517281,-0.21260595,0.97576338,-0.050102521,-0.9968608,0.58265483,0.1677846,0.79509515,1.118351,0.0,0,0,1.0
549,0.78767407,0.13934994,-0.59996337,-0.49422121,-0.2113837,0.97599107,-0.050832856,-0.99431747,0.57852507,0.1668829,0.79829395,1.1186695,0.0,0,0,1.0
550,0.7912026,0.14114408,-0.59487921,-0.50392675,-0.21200533,0.97587681,-0.050431479,-0.99538034,0.57346016,0.16603978,0.80211484,1.1179304,0.0,0,0,1.0
551,0.80028945,0.13621105,-0.58376986,-0.5239706,-0.20810685,0.97632539,-0.057488501,-0.99095398,0.56216753,0.16751486,0.80976558,1.1180632,0.0,0,0,1.0
552,0.80544591,0.134326,-0.57707649,-0.53484488,-0.20627235,0.97652668,-0.060596589,-0.98930514,0.55543917,0.16786319,0.81432366,1.1172541,0.0,0,0,1.0
553,0.8101117,0.13346617,-0.57070935,-0.54553026,-0.20468739,0.9767642,-0.062124904,-0.9901948,0.54920477,0.16716608,0.81868386,1.11573,0.0,0,0,1.0
554,0.8156302,0.12938905,-0.56374556,-0.5694313,-0.19700609,0.97844672,-0.060460515,-0.98970646,0.54381961,0.16039501,0.82361841,1.1128017,0.0,0,0,1.0
555,0.81775701,0.13238166,-0.55995667,-0.58207351,-0.19890468,0.97813749,-0.059234656,-0.99035907,0.53992039,0.15983781,0.82628775,1.1104919,0.0,0,0,1.0
556,0.96229744,-0.028048143,0.27046061,-0.67542505,-0.038352989,0.97070241,0.2371255,-0.48500147,-0.2691927,-0.23856255,0.93304557,-0.28000596,0.0,0,0,1.0
557,0.92959255,0.03621411,0.36672637,-0.57497621,-0.009884672,0.99722892,-0.07341788,-0.56967825,-0.36837775,0.064628825,0.92739689,-0.055719234,0.0,0,0,1.0
558,0.81942457,0.13480179,-0.55693328,-0.59478939,-0.20081604,0.97777301,-0.058801919,-0.98984253,0.5366748,0.16004518,0.82835943,1.1083677,0.0,0,0,1.0
559,0.82453525,0.13704836,-0.54878241,-0.61911243,-0.20029615,0.9780035,-0.05670416,-0.98860091,0.52898633,0.15669358,0.83392698,1.1043372,0.0,0,0,1.0
560,0.82736194,0.13616015,-0.54473394,-0.63113499,-0.19848962,0.97835875,-0.056927014,-0.98934346,0.52524018,0.15524319,0.83656186,1.1017076,0.0,0,0,1.0
561,0.82997805,0.13388546,-0.54130715,-0.64212,-0.19492982,0.97908622,-0.056719761,-0.98855025,0.52243841,0.15261273,0.83879715,1.0999864,0.0,0,0,1.0
562,0.83650255,0.1353434,-0.53079891,-0.6629346,-0.19517571,0.97896391,-0.057968292,-0.98945659,0.51183254,0.15210938,0.84540117,1.0962614,0.0,0,0,1.0
563,0.83977461,0.13369688,-0.52602774,-0.67356032,-0.19393648,0.97903991,-0.060774636,-0.98733646,0.50692165,0.15307283,0.84818149,1.0946977,0.0,0,0,1.0
564,0.84349948,0.13548839,-0.51956999,-0.68363297,-0.19471489,0.9788807,-0.060849931,-0.98716277,0.50039685,0.1525147,0.85214722,1.0926194,0.0,0,0,1.0
565,0.85022241,0.1359832,-0.5083617,-0.70190978,-0.1907755,0.97989029,-0.056955338,-0.98526478,0.49043712,0.14542672,0.85914791,1.0907274,0.0,0,0,1.0
566,0.85307145,0.13695367,-0.50330305,-0.71081883,-0.19016187,0.98008597,-0.055624925,-0.98396897,0.48570535,0.14317991,0.86220783,1.0896273,0.0,0,0,1.0
567,0.85772681,0.13595,-0.49560386,-0.71933538,-0.18695609,0.98076421,-0.054525912,-0.98207736,0.47870031,0.13944297,0.8667261,1.0890938,0.0,0,0,1.0
568,0.92859173,0.049934011,0.36764839,-0.56600523,-0.016752791,0.99551129,-0.092894286,-0.57400191,-0.37064582,0.080107361,0.9252829,-0.046972722,0.0,0,0,1.0
569,0.86499059,0.13565044,-0.48289874,-0.73382539,-0.18035121,0.98238474,-0.047094952,-0.9835062,0.46804559,0.12784532,0.87430042,1.0874302,0.0,0,0,1.0
570,0.86879128,0.13533548,-0.47611645,-0.74112701,-0.17891839,0.98264307,-0.047167361,-0.98271346,0.46151036,0.12618168,0.87800837,1.0863978,0.0,0,0,1.0
571,0.87396699,0.13228332,-0.46742204,-0.74885583,-0.17409559,0.98350823,-0.047179911,-0.98126769,0.45351294,0.12262655,0.88266689,1.0856541,0.0,0,0,1.0
572,0.87800992,0.12991442,-0.46045759,-0.75481147,-0.16949163,0.98439342,-0.045453288,-0.98094404,0.4474065,0.11796843,0.88641024,1.0851878,0.0,0,0,1.0
573,0.88606483,0.13057557,-0.44456646,-0.76818675,-0.1678651,0.9846763,-0.045360137,-0.98016381,0.43186998,0.11483518,0.89449048,1.0830208,0.0,0,0,1.0
574,0.89035732,0.13006452,-0.43605858,-0.77328527,-0.16571924,0.98507661,-0.044550683,-0.97873461,0.42379493,0.11194503,0.898709,1.0828264,0.0,0,0,1.0
575,0.89337993,0.13187997,-0.42927825,-0.77865368,-0.16658789,0.98495018,-0.04410195,-0.97979546,0.41703933,0.11092801,0.90198934,1.0819534,0.0,0,0,1.0
576,0.90071487,0.13118052,-0.41388914,-0.78980666,-0.16475011,0.98515862,-0.046293005,-0.97668928,0.40171033,0.10990068,0.90904462,1.0815135,0.0,0,0,1.0
577,0.90445006,0.1322511,-0.40531382,-0.79551291,-0.16429089,0.98528951,-0.045121249,-0.9762854,0.3934201,0.10741464,0.91295886,1.0815966,0.0,0,0,1.0
578,0.90769374,0.13374573,-0.3974959,-0.80102885,-0.16537258,0.98505855,-0.046192449,-0.9752838,0.38541403,0.10767894,0.91633612,1.0816083,0.0,0,0,1.0
579,0.92628056,0.06155834,0.37169287,-0.56604135,-0.025367981,0.99448979,-0.10148212,-0.57069743,-0.37590128,0.084577635,0.92276126,-0.040588558,0.0,0,0,1.0
580,0.9108603,0.13406841,-0.39007437,-0.80469847,-0.16550696,0.98495197,-0.047949307,-0.97459012,0.37781078,0.10825066,0.91943002,1.0822747,0.0,0,0,1.0
581,0.91399711,0.13619199,-0.38191599,-0.80871844,-0.1671375,0.98463112,-0.04887316,-0.97436011,0.36942434,0.10851799,0.92280018,1.0828416,0.0,0,0,1.0
582,0.92035276,0.13986768,-0.36494663,-0.81421912,-0.17025653,0.98392123,-0.052277632,-0.97376907,0.35179958,0.11026426,0.92945647,1.0856539,0.0,0,0,1.0
583,0.92307794,0.13978048,-0.35803175,-0.81786472,-0.16980773,0.98392373,-0.053664766,-0.97480875,0.344807,0.11034921,0.93206298,1.0864561,0.0,0,0,1.0
584,0.92516237,0.14063187,-0.35227156,-0.81834263,-0.17034584,0.98377687,-0.054641023,-0.97562146,0.33890426,0.11057574,0.93419856,1.0883478,0.0,0,0,1.0
585,0.92665929,0.13826524,-0.34926084,-0.81701905,-0.16843092,0.98395181,-0.057358254,-0.97447002,0.33575687,0.11199398,0.93516558,1.0910846,0.0,0,0,1.0
586,0.92786521,0.13775861,-0.34624594,-0.81925637,-0.16810982,0.98390698,-0.059041426,-0.97722858,0.3325718,0.11300608,0.93618113,1.0915679,0.0,0,0,1.0
587,0.93051308,0.13563246,-0.33992139,-0.81822789,-0.16561061,0.98423398,-0.0606317,-0.97817034,0.32636955,0.11272944,0.93839455,1.0961664,0.0,0,0,1.0
588,0.93104327,0.13429955,-0.33899713,-0.816679,-0.16499242,0.98417252,-0.063252345,-0.97976542,0.32516786,0.11483916,0.93855572,1.0977477,0.0,0,0,1.0
589,0.93251932,0.13095865,-0.33623534,-0.81223267,-0.16115563,0.98479897,-0.063389748,-0.9804132,0.3228536,0.11331478,0.93953913,1.1007515,0.0,0,0,1.0
590,0.92479342,0.068149224,0.37423691,-0.56372792,-0.030023495,0.99380517,-0.1067782,-0.57096964,-0.37920493,0.087517798,0.92113376,-0.03662008,0.0,0,0,1.0
591,0.93377143,0.12898885,-0.33351064,-0.81462502,-0.15837055,0.98531818,-0.062330492,-0.98282027,0.3206048,0.11103686,0.94058055,1.1012462,0.0,0,0,1.0
592,0.93408847,0.12709904,-0.33334827,-0.80795377,-0.15640609,0.98562264,-0.062476534,-0.98401493,0.32064551,0.11051241,0.94062841,1.1043394,0.0,0,0,1.0
593,0.93416613,0.12441852,-0.33414069,-0.80048835,-0.154548,0.98575056,-0.065028965,-0.98405635,0.32131934,0.11240496,0.94017416,1.1075913,0.0,0,0,1.0
594,0.93362409,0.12611429,-0.3350186,-0.79343736,-0.15772086,0.98499542,-0.068745278,-0.985681,0.32135284,0.1170385,0.93959713,1.1097904,0.0,0,0,1.0
595,0.93360192,0.13061246,-0.33335257,-0.78679788,-0.16419651,0.98351723,-0.074502476,-0.98676169,0.31815764,0.1243086,0.93975067,1.112391,0.0,0,0,1.0
596,0.93254584,0.13418609,-0.33488548,-0.78437787,-0.16869108,0.98264027,-0.076015733,-0.98790598,0.31890246,0.12739834,0.93908411,1.1125598,0.0,0,0,1.0
597,0.93163878,0.13400619,-0.3374719,-0.78005642,-0.16869636,0.98267877,-0.075502835,-0.98694831,0.32153964,0.12728962,0.93819904,1.1138341,0.0,0,0,1.0
598,0.93107605,0.1307596,-0.34028655,-0.78107089,-0.16481452,0.98352408,-0.073028505,-0.98389733,0.32516217,0.1240969,0.93737781,1.1143574,0.0,0,0,1.0
599,0.9309358,0.13240927,-0.34003216,-0.77571094,-0.16514155,0.9837566,-0.069048412,-0.98428506,0.32539767,0.12045037,0.93777156,1.1148773,0.0,0,0,1.0
600,0.93196344,0.13687387,-0.33541769,-0.77261502,-0.1680599,0.98349667,-0.065625034,-0.98296827,0.3209309,0.11754737,0.93967718,1.1151547,0.0,0,0,1.0
601,0.92458308,0.076734275,0.37309253,-0.55330646,-0.03605447,0.99270731,-0.11481886,-0.57772553,-0.37919173,0.092714056,0.9206304,-0.029723568,0.0,0,0,1.0
602,0.93352783,0.14091769,-0.3293373,-0.77368605,-0.17118835,0.98302269,-0.064629696,-0.98286724,0.31466913,0.11672924,0.94189411,1.1139625,0.0,0,0,1.0
603,0.93430924,0.14103566,-0.32706279,-0.77642703,-0.17057192,0.98321694,-0.063288942,-0.98342246,0.31267804,0.1149359,0.94277716,1.1121701,0.0,0,0,1.0
604,0.93618822,0.13966168,-0.32224375,-0.77621126,-0.17007239,0.98298371,-0.068072036,-0.98015386,0.30728319,0.11855014,0.94410235,1.1094096,0.0,0,0,1.0
605,0.93894809,0.13719501,-0.31519639,-0.77598035,-0.16808432,0.98298281,-0.072853714,-0.97854847,0.29986674,0.1214029,0.94612229,1.1076554,0.0,0,0,1.0
606,0.9419387,0.1345759,-0.30730319,-0.77901089,-0.16560514,0.98307985,-0.07709673,-0.97648656,0.29175684,0.12352916,0.94837999,1.1048369,0.0,0,0,1.0
607,0.94566852,0.12872776,-0.29821888,-0.7757017,-0.15864126,0.98413599,-0.078255817,-0.97478771,0.2834422,0.12133145,0.95118088,1.1042089,0.0,0,0,1.0
608,0.94949204,0.1257114,-0.28715056,-0.77477753,-0.15332918,0.98517698,-0.075701579,-0.97366673,0.27340472,0.11592362,0.9547863,1.1030425,0.0,0,0,1.0
609,0.95279133,0.12793474,-0.27498201,-0.78051299,-0.1530585,0.9855085,-0.071833752,-0.97399688,0.26183319,0.11054736,0.95865923,1.1001066,0.0,0,0,1.0
610,0.95643407,0.12748052,-0.26225206,-0.77528685,-0.15085064,0.98591614,-0.070903495,-0.97442597,0.24954474,0.10739154,0.9622885,1.0999286,0.0,0,0,1.0
611,0.96013284,0.1261721,-0.24903582,-0.77721649,-0.14791384,0.98638791,-0.070525207,-0.97498822,0.23677157,0.10456529,0.96582079,1.0984901,0.0,0,0,1.0
612,0.92311287,0.080870531,0.37584883,-0.55053526,-0.038964842,0.9922483,-0.1177957,-0.58036464,-0.3824712,0.094100036,0.91913176,-0.026558645,0.0,0,0,1.0
613,0.96834743,0.1155036,-0.22080579,-0.78829789,-0.13287556,0.98887461,-0.065451145,-0.97442961,0.21081114,0.0927338,0.97301751,1.0944859,0.0,0,0,1.0
614,0.97151387,0.1126864,-0.2079791,-0.78560245,-0.12858453,0.98950261,-0.064521156,-0.97526431,0.1985459,0.089440465,0.97590137,1.0942192,0.0,0,0,1.0
615,0.97468841,0.11093391,-0.19356781,-0.78816992,-0.12514992,0.99005449,-0.062781535,-0.97600508,0.18469758,0.085431419,0.97897464,1.0927213,0.0,0,0,1.0
616,0.97744876,0.11242453,-0.17817719,-0.79429054,-0.12490577,0.99023283,-0.060409326,-0.97566783,0.16966359,0.081315935,0.982041,1.0907201,0.0,0,0,1.0
617,0.97977746,0.11311954,-0.1644156,-0.79694933,-0.12450548,0.99026906,-0.060638793,-0.97573858,0.15597321,0.079896584,0.98442441,1.0890049,0.0,0,0,1.0
618,0.98228747,0.10941411,-0.15143353,-0.79740888,-0.11979079,0.99081886,-0.061152317,-0.9757179,0.14336812,0.078222752,0.98647314,1.0880352,0.0,0,0,1.0
619,0.98434156,0.11037988,-0.13667411,-0.80452198,-0.11977162,0.99073792,-0.062483046,-0.97645622,0.12852594,0.07788761,0.9885428,1.0849942,0.0,0,0,1.0
620,0.98615235,0.11001223,-0.12325688,-0.80681044,-0.11841801,0.99086416,-0.063057244,-0.97500914,0.1152072,0.076793045,0.99026865,1.0839881,0.0,0,0,1.0
621,0.98751587,0.1125524,-0.10925095,-0.81017148,-0.11999772,0.99060524,-0.064127065,-0.97586501,0.1010191,0.076449499,0.99184275,1.0822901,0.0,0,0,1.0
622,0.98924011,0.1104645,-0.094828427,-0.81407678,-0.11689293,0.99091095,-0.065127909,-0.97688586,0.086783133,0.075524963,0.99326003,1.0805466,0.0,0,0,1.0
623,0.92223853,0.081763208,0.3777965,-0.54583186,-0.037931476,0.99177468,-0.12204313,-0.58345258,-0.3846775,0.098228857,0.9177779,-0.023949064,0.0,0,0,1.0
624,0.99065816,0.10992791,-0.079390429,-0.81142604,-0.1152871,0.99101472,-0.066396549,-0.97579736,0.071387798,0.074941993,0.99452889,1.0809766,0.0,0,0,1.0
625,0.99172574,0.10943628,-0.065528184,-0.81184018,-0.11375996,0.99119449,-0.066344284,-0.97488779,0.057699043,0.073262691,0.99554175,1.0809696,0.0,0,0,1.0
626,0.99292409,0.10480463,-0.053921502,-0.81153435,-0.10823316,0.99189126,-0.06516622,-0.97477388,0.04666188,0.070553817,0.99631542,1.0809903,0.0,0,0,1.0
627,0.99333501,0.10669317,-0.041130412,-0.81337392,-0.10918081,0.99186844,-0.063917048,-0.97582197,0.033982642,0.067994043,0.99700612,1.0802081,0.0,0,0,1.0
628,0.99395597,0.10505264,-0.028371034,-0.81701672,-0.10666507,0.99219739,-0.063051909,-0.97570872,0.021530962,0.065709136,0.99750561,1.079582,0.0,0,0,1.0
629,0.99444771,0.10289504,-0.016603252,-0.81649232,-0.10373699,0.99256092,-0.062205892,-0.97443825,0.010083092,0.063594781,0.99782389,1.0801638,0.0,0,0,1.0
630,0.99473363,0.10130559,-0.005577607,-0.81376934,-0.10145711,0.99293637,-0.059930328,-0.9750526,-0.000530004,0.060192153,0.9980855,1.0808095,0.0,0,0,1.0
631,0.99462944,0.10227557,0.006375472,-0.81502461,-0.101727,0.99297565,-0.058808755,-0.97506726,-0.012343405,0.057855673,0.99814725,1.080591,0.0,0,0,1.0
632,0.99470752,0.10000268,0.018566173,-0.81713337,-0.09878967,0.99334484,-0.05756446,-0.97524792,-0.024198312,0.055436708,0.99806732,1.0801272,0.0,0,0,1.0
633,0.99510586,0.093309537,0.029080536,-0.82221317,-0.091598287,0.99415368,-0.055450365,-0.97536176,-0.034084588,0.052526001,0.99793589,1.0789526,0.0,0,0,1.0
634,0.92166507,0.086453594,0.37815139,-0.53894627,-0.035095353,0.98941058,-0.14065941,-0.58483601,-0.38631737,0.11637651,0.91496301,-0.016904684,0.0,0,0,1.0
635,0.99480391,0.092316136,0.040377911,-0.83194762,-0.090058386,0.99434483,-0.054537188,-0.97372073,-0.045185279,0.050627988,0.99759281,1.0770553,0.0,0,0,1.0
636,0.99439842,0.090407237,0.052778848,-0.83684236,-0.087518699,0.99456388,-0.054676116,-0.97371203,-0.05743723,0.049761172,0.99700588,1.0759017,0.0,0,0,1.0
637,0.99294561,0.096304692,0.067610733,-0.84764123,-0.092429437,0.99391514,-0.058268484,-0.96891236,-0.072814494,0.051618908,0.99590611,1.0746487,0.0,0,0,1.0
638,0.99277902,0.089079,0.079003282,-0.84672636,-0.084621511,0.99462169,-0.058071192,-0.97119075,-0.083755948,0.050977107,0.99507874,1.0735869,0.0,0,0,1.0
639,0.99228561,0.083565883,0.090402655,-0.84575039,-0.078487568,0.99510908,-0.05833314,-0.97211838,-0.094840817,0.05079826,0.99409235,1.072935,0.0,0,0,1.0
640,0.99068481,0.085181959,0.10523212,-0.84979433,-0.079261564,0.99499595,-0.059209649,-0.97193611,-0.10975616,0.050327815,0.99258,1.0722548,0.0,0,0,1.0
641,0.98952979,0.079847559,0.11933535,-0.84524149,-0.073366463,0.99553406,-0.057744335,-0.97146612,-0.12342143,0.048394896,0.99106967,1.0733749,0.0,0,0,1.0
642,0.98662269,0.086391792,0.13746914,-0.84318197,-0.078519583,0.99490386,-0.061689682,-0.97089583,-0.14210813,0.050080966,0.98847908,1.074417,0.0,0,0,1.0
643,0.98348624,0.091866232,0.15524413,-0.84241754,-0.082615361,0.99435925,-0.06502609,-0.96888703,-0.16035394,0.051137388,0.98562914,1.0754651,0.0,0,0,1.0
644,0.98183489,0.0842482,0.16937402,-0.84167135,-0.074527159,0.99513125,-0.062953353,-0.97117198,-0.17386617,0.049197301,0.98343414,1.0750906,0.0,0,0,1.0
645,0.92073238,0.090921126,0.37937337,-0.53739375,-0.036855176,0.98836166,-0.14742137,-0.58487946,-0.38837183,0.12176096,0.91339117,-0.012821678,0.0,0,0,1.0
646,0.97926325,0.079846956,0.18561487,-0.84285504,-0.069582477,0.99560022,-0.061170243,-0.96975386,-0.18969707,0.046996456,0.98061132,1.0759077,0.0,0,0,1.0
647,0.9765839,0.076827019,0.20041482,-0.83665454,-0.065712348,0.99584067,-0.061531648,-0.97024798,-0.20432457,0.046931315,0.97767109,1.0767945,0.0,0,0,1.0
648,0.97467309,0.070689507,0.21165961,-0.83483183,-0.058978017,0.99628627,-0.06113961,-0.96889007,-0.2152126,0.047118098,0.97532296,1.0776508,0.0,0,0,1.0
649,0.97131056,0.074532136,0.2253551,-0.83569682,-0.061759003,0.99598837,-0.063206665,-0.96781391,-0.22918046,0.047485858,0.97211748,1.0782417,0.0,0,0,1.0
650,0.96901101,0.067139536,0.23726298,-0.8302716,-0.054097559,0.99656785,-0.061054796,-0.96857828,-0.24056751,0.046337549,0.96941781,1.079145,0.0,0,0,1.0
651,0.96661878,0.0646438,0.24749425,-0.82621729,-0.050602242,0.99665058,-0.062677518,-0.96832216,-0.25073761,0.048071802,0.96675241,1.079237,0.0,0,0,1.0
652,0.96543592,0.055039831,0.25433794,-0.82099366,-0.040511109,0.99715352,-0.062006351,-0.96836287,-0.25704798,0.049570117,0.9650178,1.079936,0.0,0,0,1.0
653,0.9632476,0.056379903,0.26221871,-0.82218653,-0.040598821,0.99694538,-0.065209694,-0.96785551,-0.2651163,0.0521781,0.96269435,1.0797278,0.0,0,0,1.0
654,0.96113968,0.05360477,0.27040744,-0.81647503,-0.037410766,0.99710411,-0.064683236,-0.968207,-0.27311447,0.05206427,0.96046185,1.0807166,0.0,0,0,1.0
655,0.95770508,0.059058633,0.28124011,-0.81213444,-0.041210257,0.99666786,-0.068954237,-0.96501774,-0.28439918,0.05445889,0.95704746,1.0829608,0.0,0,0,1.0
656,0.91877604,0.096174151,0.38280493,-0.53223932,-0.038967311,0.98720008,-0.15448958,-0.58872467,-0.39277321,0.12703182,0.91078728,-0.007808429,0.0,0,0,1.0
657,0.95612305,0.056604341,0.28706631,-0.81195194,-0.038021579,0.99672908,-0.069893315,-0.96477962,-0.29010808,0.05592313,0.95524758,1.0821366,0.0,0,0,1.0
658,0.9542377,0.053367857,0.29387859,-0.8083384,-0.034170963,0.99685627,-0.070066445,-0.96701789,-0.29671925,0.056829266,0.953161,1.0821927,0.0,0,0,1.0
659,0.95138156,0.057032421,0.30232793,-0.80527669,-0.036826391,0.99661553,-0.07211215,-0.96750802,-0.30544361,0.057483949,0.95036149,1.0825665,0.0,0,0,1.0
660,0.94742239,0.063537449,0.31326538,-0.802724,-0.041451901,0.99609405,-0.076659426,-0.96426547,-0.31693986,0.0596551,0.94645488,1.0840584,0.0,0,0,1.0
661,0.94480294,0.063574106,0.32107136,-0.8047173,-0.040837616,0.9960888,-0.077054039,-0.96301419,-0.32474238,0.059700798,0.94380319,1.0833282,0.0,0,0,1.0
662,0.94101036,0.067819618,0.33118045,-0.80211699,-0.043812796,0.99577594,-0.079420857,-0.9632315,-0.33519721,0.060237687,0.94010609,1.0842842,0.0,0,0,1.0
663,0.93801719,0.065015972,0.34011295,-0.80067617,-0.040633131,0.99599749,-0.078323863,-0.96377349,-0.34387425,0.059660986,0.93700373,1.0841111,0.0,0,0,1.0
664,0.93437648,0.065041944,0.34998599,-0.80638027,-0.040364522,0.99608481,-0.077344202,-0.96588337,-0.35367763,0.058153108,0.93344241,1.0825177,0.0,0,0,1.0
665,0.93114811,0.059252329,0.35948867,-0.80171007,-0.033519302,0.99633479,-0.077391997,-0.96496093,-0.36278903,0.06002536,0.92981994,1.0831126,0.0,0,0,1.0
666,0.92847526,0.04906508,0.3678394,-0.79923463,-0.024135321,0.99700594,-0.072061524,-0.96735471,-0.37030679,0.058040943,0.92697775,1.0827765,0.0,0,0,1.0
667,0.96165252,-0.029106187,0.27263361,-0.67730659,-0.038023815,0.97056597,0.23773625,-0.48479596,-0.27153361,-0.23899059,0.93225753,-0.27914745,0.0,0,0,1.0
668,0.91853297,0.098766193,0.38272846,-0.53050399,-0.039786555,0.98643976,-0.15906866,-0.59056449,-0.39325947,0.13088979,0.91003072,-0.00537774,0.0,0,0,1.0
669,0.92331505,0.056169253,0.3796232,-0.79242396,-0.028298298,0.99640232,-0.078595638,-0.96297461,-0.38270646,0.061837789,0.92168069,1.0847167,0.0,0,0,1.0
670,0.91880643,0.056177713,0.39040723,-0.79592788,-0.027275104,0.99638462,-0.079178378,-0.96151054,-0.39347917,0.062113184,0.91711438,1.0853325,0.0,0,0,1.0
671,0.91369021,0.064085834,0.40105107,-0.79517853,-0.03298616,0.99581933,-0.083970241,-0.95968783,-0.40479228,0.063505761,0.91208136,1.0858583,0.0,0,0,1.0
672,0.90859622,0.069055043,0.4116585,-0.79147589,-0.035703629,0.9953633,-0.088160738,-0.9555279,-0.41587529,0.065417118,0.90694541,1.0875875,0.0,0,0,1.0
673,0.90398419,0.073306717,0.4209713,-0.79004604,-0.037863925,0.99494117,-0.091941766,-0.9534449,-0.42562029,0.067186788,0.90228289,1.0881039,0.0,0,0,1.0
674,0.89996314,0.073527917,0.42946255,-0.78684855,-0.036009252,0.99473745,-0.094842553,-0.95087266,-0.43421566,0.069902994,0.89797044,1.0895605,0.0,0,0,1.0
675,0.8956055,0.074330471,0.43834201,-0.78806269,-0.035598919,0.9946484,-0.095923752,-0.94808096,-0.44316676,0.0703182,0.89355391,1.0904042,0.0,0,0,1.0
676,0.89162642,0.074697077,0.44631907,-0.79038095,-0.035075862,0.99462247,-0.096384138,-0.94910389,-0.45115998,0.070296474,0.88954651,1.0894697,0.0,0,0,1.0
677,0.88834244,0.072188102,0.45322666,-0.78699058,-0.031660188,0.99473763,-0.096376538,-0.94655865,-0.45784104,0.071279094,0.88604772,1.0896209,0.0,0,0,1.0
678,0.88290715,0.075165205,0.46325234,-0.78820825,-0.034425888,0.99470347,-0.095778018,-0.94761437,-0.46804115,0.068627872,0.8809126,1.0895263,0.0,0,0,1.0
679,0.91606456,0.10599427,0.38669011,-0.52774274,-0.043753006,0.98506802,-0.16635901,-0.59486008,-0.39855963,0.1354844,0.90704751,0.001747584,0.0,0,0,1.0
680,0.87885612,0.070033178,0.4716827,-0.78751636,-0.028996473,0.99507344,-0.093710557,-0.94437873,-0.4759658,0.068693601,0.87665081,1.0894306,0.0,0,0,1.0
681,0.87495649,0.065601498,0.47950464,-0.78680432,-0.023607083,0.99527478,-0.093082741,-0.93965769,-0.48339009,0.070136428,0.87246412,1.08962,0.0,0,0,1.0
682,0.86565453,0.057383623,0.49711806,-0.7856468,-0.01444695,0.99575311,-0.089779854,-0.92894846,-0.50020528,0.070549279,0.8628996,1.0909072,0.0,0,0,1.0
683,0.86032885,0.05535499,0.50650442,-0.78244203,-0.011715301,0.99586493,-0.088931911,-0.91805655,-0.50938034,0.070589617,0.85751182,1.0932858,0.0,0,0,1.0
684,0.856143,0.049715608,0.5141241,-0.7816121,-0.00594306,0.99613672,-0.086424269,-0.91533279,-0.51648307,0.070948891,0.85322273,1.092949,0.0,0,0,1.0
685,0.85162282,0.048689503,0.52167374,-0.77906865,-0.003184977,0.9960326,-0.087758489,-0.90972251,-0.52392626,0.073088683,0.8484906,1.092358,0.0,0,0,1.0
686,0.84668285,0.04828719,0.52969044,-0.77734089,-0.001828736,0.99602604,-0.087870717,-0.90838617,-0.53187871,0.073443055,0.84349746,1.0904986,0.0,0,0,1.0
687,0.84282333,0.044795316,0.53611338,-0.77551949,0.003652927,0.99592495,-0.088953055,-0.90745765,-0.53796428,0.076943591,0.83931565,1.0885533,0.0,0,0,1.0
688,0.83489931,0.045984857,0.54827356,-0.77460837,0.005479277,0.99565387,-0.091846377,-0.90328562,-0.55016643,0.07970044,0.83110845,1.0846487,0.0,0,0,1.0
689,0.83065587,0.047861565,0.55452257,-0.77340984,0.006385747,0.99530792,-0.095466979,-0.90111983,-0.55654281,0.082855448,0.82654178,1.0830889,0.0,0,0,1.0
690,0.91534287,0.1080334,0.38783255,-0.52483934,-0.044030398,0.98438448,-0.17028446,-0.59682119,-0.40018347,0.13880007,0.90583044,0.004374982,0.0,0,0,1.0
691,0.82726878,0.048130631,0.55953962,-0.77207762,0.00744724,0.99519026,-0.096610188,-0.90074819,-0.56155169,0.084103979,0.8230201,1.0806721,0.0,0,0,1.0
692,0.82316536,0.049583644,0.56543338,-0.77254504,0.007144508,0.99509031,-0.097656913,-0.89968055,-0.56755358,0.084441923,0.81885785,1.0787473,0.0,0,0,1.0
693,0.82202744,0.050050419,0.56704515,-0.7662034,0.00788385,0.99492764,-0.099241562,-0.89897794,-0.5691905,0.086064391,0.81755143,1.0735455,0.0,0,0,1.0
694,0.81385976,0.047913987,0.57888776,-0.77076387,0.009567754,0.99524802,-0.095822111,-0.90133953,-0.58078372,0.083538674,0.8096211,1.070326,0.0,0,0,1.0
695,0.810785,0.048671644,0.58312368,-0.77186644,0.009243571,0.99524188,-0.095917381,-0.90323734,-0.58507371,0.083172716,0.80656409,1.0670441,0.0,0,0,1.0
696,0.80781198,0.050200559,0.58710623,-0.77018517,0.009877404,0.99496734,-0.09866032,-0.90126538,-0.58916074,0.085512556,0.80333751,1.0641776,0.0,0,0,1.0
697,0.80446297,0.048945885,0.59179163,-0.76938027,0.012718871,0.99484462,-0.099566333,-0.90230745,-0.59367096,0.087639093,0.79977983,1.0579177,0.0,0,0,1.0
698,0.80379212,0.049848948,0.59262687,-0.7680285,0.013602379,0.99457568,-0.10210327,-0.90337121,-0.59455913,0.09014602,0.79884082,1.053196,0.0,0,0,1.0
699,0.80192518,0.051819406,0.59498185,-0.76891178,0.01464259,0.9941197,-0.10631254,-0.90304762,-0.59704977,0.093982346,0.79653764,1.0511664,0.0,0,0,1.0
700,0.80075443,0.054111674,0.59635258,-0.7692979,0.016325278,0.99346185,-0.11206035,-0.90294033,-0.59857517,0.099484712,0.79472238,1.0477664,0.0,0,0,1.0
701,0.91306871,0.11318014,0.39170593,-0.52169073,-0.045638297,0.9830094,-0.17764488,-0.59755188,-0.40516734,0.14433318,0.90274495,0.012019119,0.0,0,0,1.0
702,0.79896647,0.05980907,0.5982036,-0.77235198,0.017791787,0.99214691,-0.12295388,-0.90080309,-0.60091788,0.10889657,0.79171485,1.0427758,0.0,0,0,1.0
703,0.80022198,0.064147048,0.59607208,-0.7722038,0.017131686,0.99130249,-0.12967438,-0.90137273,-0.59926409,0.11399807,0.79225004,1.0384548,0.0,0,0,1.0
704,0.80199593,0.067897208,0.59326553,-0.7739321,0.016482035,0.99051523,-0.13563688,-0.89888865,-0.59690601,0.11857713,0.79335725,1.0363631,0.0,0,0,1.0
705,0.8043462,0.078141123,0.58880603,-0.77572387,0.011440102,0.98898268,-0.14687148,-0.89972562,-0.59385341,0.12489103,0.79467791,1.0313034,0.0,0,0,1.0
706,0.80608124,0.080750115,0.58607513,-0.77331775,0.013270621,0.98782009,-0.15434982,-0.90108311,-0.59145814,0.13221653,0.79527903,1.0276102,0.0,0,0,1.0
707,0.80687732,0.08427348,0.58448118,-0.77453303,0.014309806,0.98657978,-0.16199929,-0.90273035,-0.59034717,0.13909872,0.7949304,1.0253429,0.0,0,0,1.0
708,0.80545199,0.093496151,0.58504409,-0.77474838,0.013927792,0.98410517,-0.17643948,-0.90218419,-0.59229904,0.15028463,0.79143447,1.0209078,0.0,0,0,1.0
709,0.80479372,0.096971065,0.58538377,-0.77374631,0.01602759,0.98253906,-0.18479057,-0.90243262,-0.59313977,0.1581243,0.78927439,1.017699,0.0,0,0,1.0
710,0.80586296,0.098208435,0.58370346,-0.77314347,0.020325083,0.98086286,-0.19308588,-0.89818388,-0.59155369,0.16748953,0.78853232,1.016492,0.0,0,0,1.0
711,0.80857903,0.10316634,0.57907349,-0.77196223,0.023138713,0.97805315,-0.20655116,-0.8947562,-0.58773142,0.18043853,0.78853363,1.0133477,0.0,0,0,1.0
712,0.91140217,0.11436945,0.39522555,-0.52250028,-0.045636591,0.98273826,-0.17913884,-0.59819019,-0.40890229,0.14523888,0.90091366,0.015923094,0.0,0,0,1.0
713,0.80823702,0.10546511,0.57913643,-0.77210575,0.025819622,0.97641796,-0.21384089,-0.89481109,-0.58808976,0.18781474,0.78654158,1.0116888,0.0,0,0,1.0
714,0.8097043,0.10593479,0.57699698,-0.77042657,0.030240644,0.97461194,-0.22136682,-0.89130557,-0.58585644,0.19671912,0.7860316,1.0109004,0.0,0,0,1.0
715,0.80989116,0.11115235,0.57575178,-0.76849389,0.034864452,0.97090143,-0.23647541,-0.89430159,-0.58534074,0.21162318,0.78253651,1.0057248,0.0,0,0,1.0
716,0.80895561,0.11324939,0.57665747,-0.76783133,0.037612427,0.96916312,-0.24309173,-0.89220721,-0.58646315,0.2183713,0.77983743,1.0039699,0.0,0,0,1.0
717,0.80780339,0.11637065,0.57765013,-0.76630205,0.039384235,0.96734697,-0.24994752,-0.8904106,-0.58793312,0.22469099,0.77692991,1.0027533,0.0,0,0,1.0
718,0.8067655,0.11981017,0.57839662,-0.76426846,0.04223562,0.96490157,-0.25877729,-0.89129609,-0.58915865,0.23323496,0.77347577,1.0005695,0.0,0,0,1.0
719,0.80436164,0.1234595,0.5809713,-0.76211292,0.0487324,0.9610377,-0.27169052,-0.88760048,-0.59193718,0.24688467,0.76709157,0.99857819,0.0,0,0,1.0
720,0.80422074,0.12436267,0.58097339,-0.75883991,0.053370528,0.95866919,-0.27908519,-0.88687557,-0.59172821,0.2554892,0.76443046,0.99723458,0.0,0,0,1.0
721,0.802495,0.12788038,0.58259362,-0.75908381,0.054412879,0.95687431,-0.28498107,-0.88528419,-0.59397179,0.26043341,0.76101428,0.99686247,0.0,0,0,1.0
722,0.80014884,0.1308239,0.58516109,-0.75526631,0.061192393,0.95289242,-0.29670596,-0.88490671,-0.59647155,0.27325499,0.75453568,0.99517465,0.0,0,0,1.0
723,0.90894818,0.11808452,0.39975792,-0.51766485,-0.046864636,0.98187995,-0.18347493,-0.60348284,-0.41419098,0.14804289,0.8980366,0.024634017,0.0,0,0,1.0
724,0.79891557,0.13379496,0.58617371,-0.75295675,0.063728176,0.95048726,-0.30380154,-0.88159746,-0.59785753,0.28010708,0.75091738,0.99517787,0.0,0,0,1.0
725,0.7960971,0.13846108,0.58891797,-0.75014508,0.068191193,0.94661236,-0.31473383,-0.87703419,-0.6011157,0.29075849,0.74423778,0.99562132,0.0,0,0,1.0
726,0.79550338,0.13987826,0.58938438,-0.74862266,0.071815297,0.94423062,-0.32101849,-0.87727076,-0.60147893,0.29773989,0.7411775,0.99494362,0.0,0,0,1.0
727,0.79319942,0.14633195,0.59092051,-0.74596256,0.073578715,0.94041657,-0.33163881,-0.86855584,-0.60430181,0.30657774,0.7352547,0.99710357,0.0,0,0,1.0
728,0.79288805,0.1496142,0.59051573,-0.74186605,0.07550028,0.93765855,-0.3389357,-0.86505228,-0.60447305,0.31336603,0.73224604,0.99761426,0.0,0,0,1.0
729,0.7917574,0.15775615,0.58991343,-0.73918408,0.077448532,0.93220568,-0.35323516,-0.86141133,-0.60570717,0.32540986,0.72594589,0.99826139,0.0,0,0,1.0
730,0.79014456,0.16310517,0.59062064,-0.73791206,0.076129012,0.93021441,-0.35872799,-0.85906255,-0.60797614,0.32845616,0.72266972,0.99964184,0.0,0,0,1.0
731,0.79110801,0.17034905,0.5872761,-0.73279655,0.078974634,0.92380196,-0.37434304,-0.85721767,-0.60635769,0.34257329,0.71745652,1.001063,0.0,0,0,1.0
732,0.79068375,0.17551285,0.58632594,-0.73124003,0.07701163,0.92175126,-0.37976739,-0.85657603,-0.60716289,0.34547791,0.71537983,1.0016514,0.0,0,0,1.0
733,0.7912119,0.18002379,0.58424193,-0.729038,0.078335807,0.91782653,-0.38889238,-0.8628388,-0.60630488,0.35351238,0.71217525,1.0018507,0.0,0,0,1.0
734,0.90657181,0.12237402,0.40384296,-0.51779658,-0.048364278,0.98082799,-0.18863867,-0.60279769,-0.41919631,0.1514913,0.89513433,0.030301997,0.0,0,0,1.0
735,0.79208136,0.18344688,0.58199447,-0.72599685,0.077360593,0.91575831,-0.39393023,-0.85708416,-0.60529393,0.35709777,0.71124578,1.0061852,0.0,0,0,1.0
736,0.79282552,0.18727398,0.57975769,-0.72670102,0.07556621,0.91390991,-0.39854339,-0.86383164,-0.60454559,0.35983551,0.71050185,1.0041049,0.0,0,0,1.0
737,0.79378718,0.19203085,0.57687855,-0.72440749,0.073915996,0.91119367,-0.40501943,-0.86724353,-0.60348678,0.36419049,0.70918202,1.0058361,0.0,0,0,1.0
738,0.79322302,0.19564891,0.5764389,-0.72618008,0.071874365,0.91011608,-0.40779996,-0.87547159,-0.60447454,0.36495826,0.70794505,1.004625,0.0,0,0,1.0
739,0.79580051,0.20224988,0.57057822,-0.72418314,0.068659008,0.90620059,-0.41696995,-0.87868345,-0.60145277,0.37105194,0.70735097,1.0069495,0.0,0,0,1.0
740,0.79592204,0.20799662,0.56833827,-0.72165513,0.064558893,0.90444756,-0.42140743,-0.87566209,-0.60174584,0.37215057,0.70652401,1.0090564,0.0,0,0,1.0
741,0.79526931,0.21787693,0.565543,-0.72121966,0.062255405,0.89874178,-0.43377942,-0.88526046,-0.60285026,0.38023245,0.70125955,1.0081253,0.0,0,0,1.0
742,0.79395241,0.22034428,0.56643635,-0.72321361,0.059863668,0.89898676,-0.43360814,-0.89240837,-0.60482484,0.37822595,0.70064402,1.0060098,0.0,0,0,1.0
743,0.79443914,0.223784,0.56440151,-0.72121,0.059650671,0.89622891,-0.43930852,-0.89198095,-0.60420614,0.3827242,0.69873226,1.0073093,0.0,0,0,1.0
744,0.79483044,0.23052527,0.56112766,-0.72104663,0.059109557,0.89105207,-0.4497869,-0.89817256,-0.60374439,0.3907268,0.69469047,1.0067021,0.0,0,0,1.0
745,0.90330422,0.12345662,0.41077536,-0.51633614,-0.046728116,0.98028237,-0.19185871,-0.60621834,-0.42637381,0.15412056,0.89128721,0.041036926,0.0,0,0,1.0
746,0.79447335,0.23581626,0.55943209,-0.72108871,0.056433082,0.88870376,-0.45474884,-0.90271819,-0.6044699,0.39291114,0.69282496,1.0056055,0.0,0,0,1.0
747,0.79429555,0.23874632,0.55844039,-0.72045451,0.056015708,0.88667589,-0.45874071,-0.90600699,-0.60474205,0.39571252,0.69099075,1.0043465,0.0,0,0,1.0
748,0.79282367,0.24325512,0.55858594,-0.72082639,0.055778183,0.88390446,-0.46408644,-0.9077186,-0.60669208,0.39915156,0.68729335,1.0046501,0.0,0,0,1.0
749,0.79428458,0.24527979,0.55561703,-0.719899,0.057490595,0.8802526,-0.47076973,-0.90876198,-0.60461766,0.4059248,0.68515098,1.0039213,0.0,0,0,1.0
750,0.79568768,0.2460683,0.55325574,-0.71866202,0.057869762,0.87851769,-0.47395316,-0.91386533,-0.60273361,0.40919277,0.68486702,1.0013007,0.0,0,0,1.0
751,0.79431355,0.24816239,0.55429411,-0.71892774,0.060441382,0.87576884,-0.47869548,-0.91388708,-0.60429156,0.41379446,0.68071669,1.0016023,0.0,0,0,1.0
752,0.79553074,0.24799551,0.55262047,-0.71800166,0.06377162,0.87288147,-0.4835124,-0.91679853,-0.60234481,0.41994917,0.67866987,0.99980283,0.0,0,0,1.0
753,0.79621178,0.24678956,0.5521791,-0.71811253,0.06579835,0.8721022,-0.4846454,-0.91996157,-0.60122597,0.42227191,0.67822075,0.99767023,0.0,0,0,1.0
754,0.79638952,0.24653178,0.55203819,-0.71912438,0.068206877,0.87051952,-0.48715106,-0.91965836,-0.60072201,0.4256742,0.67653835,0.99761367,0.0,0,0,1.0
755,0.79821396,0.24489492,0.55012822,-0.7165516,0.076635338,0.86472785,-0.49612996,-0.92374235,-0.5972743,0.43823814,0.67155069,0.99439514,0.0,0,0,1.0
756,0.90030807,0.12789917,0.41596094,-0.51480407,-0.047498342,0.97898155,-0.19820589,-0.60915864,-0.43258044,0.15869762,0.88748515,0.052974097,0.0,0,0,1.0
757,0.79942751,0.24429631,0.54863012,-0.71488166,0.078913301,0.86277634,-0.49916112,-0.92525202,-0.59535152,0.44239888,0.67052931,0.99271947,0.0,0,0,1.0
758,0.80006355,0.24438374,0.54766262,-0.71436089,0.0815074,0.86032158,-0.50296646,-0.92755067,-0.59414607,0.447106,0.66847312,0.99168205,0.0,0,0,1.0
759,0.80289656,0.24190468,0.54460877,-0.71401125,0.089443512,0.85452861,-0.51142174,-0.93391943,-0.58916193,0.4593944,0.66454118,0.98804408,0.0,0,0,1.0
760,0.80463791,0.24245591,0.54178637,-0.7112447,0.091203399,0.85132784,-0.51642424,-0.93370092,-0.58651054,0.46501195,0.66297758,0.98717552,0.0,0,0,1.0
761,0.80481321,0.24253051,0.5414924,-0.71341687,0.093584709,0.84922618,-0.51944929,-0.93629134,-0.58589441,0.4688004,0.66085082,0.98626941,0.0,0,0,1.0
762,0.80668473,0.24234177,0.53878504,-0.71355909,0.097610451,0.84468406,-0.52607173,-0.93871266,-0.58265454,0.47703159,0.65781784,0.98440176,0.0,0,0,1.0
763,0.80956274,0.24016713,0.53543139,-0.71382207,0.10294937,0.84004027,-0.53245062,-0.94399339,-0.57772273,0.48624226,0.65541935,0.9811641,0.0,0,0,1.0
764,0.81010175,0.2408945,0.53428799,-0.71439767,0.10520066,0.8369503,-0.53685784,-0.94537854,-0.57656032,0.49118546,0.65275156,0.98020715,0.0,0,0,1.0
765,0.81178403,0.23960494,0.53231066,-0.7136035,0.10895957,0.83356023,-0.54136348,-0.94736886,-0.57348764,0.49753997,0.65064228,0.97811282,0.0,0,0,1.0
766,0.81390047,0.23729396,0.53010905,-0.71320736,0.11169057,0.83164418,-0.54374838,-0.9493615,-0.56995124,0.50183523,0.65045083,0.97636342,0.0,0,0,1.0
767,0.89600438,0.13074169,0.42428648,-0.52952117,-0.047449611,0.97835886,-0.20126796,-0.60893607,-0.44143075,0.16021353,0.88284254,0.066543162,0.0,0,0,1.0
768,0.81866276,0.23267934,0.5247947,-0.71196002,0.11766388,0.82665378,-0.55006129,-0.95003849,-0.56187153,0.51213551,0.64945143,0.97392696,0.0,0,0,1.0
769,0.82172292,0.23095131,0.52075964,-0.71119004,0.12015893,0.82320249,-0.55467826,-0.95071632,-0.55685407,0.51843804,0.64877212,0.97253209,0.0,0,0,1.0
770,0.82467449,0.22711766,0.51777118,-0.71331215,0.1242074,0.82052577,-0.55774385,-0.95481181,-0.55157739,0.52434123,0.64853573,0.96926999,0.0,0,0,1.0
771,0.82857776,0.22489785,0.51248139,-0.71255958,0.12828851,0.81489891,-0.56502175,-0.95283616,-0.54475147,0.53398436,0.64643389,0.96933979,0.0,0,0,1.0
772,0.83192044,0.22347102,0.50766736,-0.71304899,0.13053267,0.8105697,-0.57070577,-0.95801598,-0.53909433,0.54112458,0.64523786,0.96614146,0.0,0,0,1.0
773,0.8330794,0.22195783,0.5064292,-0.71320009,0.13311364,0.8083508,-0.57325101,-0.95950168,-0.53666812,0.54505241,0.64395314,0.96408308,0.0,0,0,1.0
774,0.83400428,0.22435091,0.50384575,-0.71511102,0.13430305,0.80332142,-0.58000326,-0.95751137,-0.53493243,0.55147034,0.63992047,0.96407753,0.0,0,0,1.0
775,0.83796608,0.22681569,0.49610913,-0.71625495,0.13432175,0.79556251,-0.59059626,-0.96130556,-0.52869976,0.5616163,0.63626575,0.96024114,0.0,0,0,1.0
776,0.83955735,0.23230402,0.49085104,-0.71637863,0.13197897,0.78939927,-0.59932971,-0.9583903,-0.52676129,0.56803286,0.63216394,0.96026826,0.0,0,0,1.0
777,0.84006608,0.23507594,0.48865592,-0.71713465,0.13154021,0.78579181,-0.60414743,-0.96409523,-0.52605939,0.57188147,0.62927198,0.95638877,0.0,0,0,1.0
778,0.96194649,-0.028681912,0.27163973,-0.67520005,-0.03860651,0.9701941,0.23915552,-0.48747882,-0.2704078,-0.24054626,0.93218458,-0.2793372,0.0,0,0,1.0
779,0.89293271,0.13377717,0.42978066,-0.52819639,-0.045898672,0.97687364,-0.20870407,-0.61507082,-0.44777355,0.16664134,0.87844747,0.080696218,0.0,0,0,1.0
780,0.84088224,0.23504962,0.48726273,-0.7160098,0.13168187,0.78456688,-0.60570645,-0.96481353,-0.52471817,0.57357156,0.62885356,0.95451593,0.0,0,0,1.0
781,0.84139395,0.23871963,0.48458809,-0.71881318,0.13082111,0.78021187,-0.61149061,-0.96179885,-0.52411288,0.57797939,0.62531245,0.95499629,0.0,0,0,1.0
782,0.84216774,0.24217953,0.48151749,-0.71818197,0.13074741,0.77479613,-0.61835366,-0.96269965,-0.52288711,0.58379585,0.6209197,0.95330864,0.0,0,0,1.0
783,0.84475309,0.24902365,0.47342992,-0.71839893,0.12603731,0.76736265,-0.62851739,-0.96622729,-0.51986438,0.59069383,0.61692107,0.95002258,0.0,0,0,1.0
784,0.8455587,0.24866328,0.47217932,-0.7184605,0.12673067,0.76582944,-0.63024563,-0.96897787,-0.51838398,0.59283155,0.61611563,0.94792098,0.0,0,0,1.0
785,0.84684396,0.24821331,0.47010803,-0.71713191,0.12714496,0.7639783,-0.63240498,-0.96806902,-0.51617968,0.59540284,0.6154865,0.94699478,0.0,0,0,1.0
786,0.84753126,0.24915415,0.46836838,-0.71851528,0.12718023,0.76159197,-0.6352694,-0.96785778,-0.51504159,0.59806103,0.61386055,0.94743824,0.0,0,0,1.0
787,0.85035181,0.2504591,0.46252349,-0.71735519,0.12522514,0.75756782,-0.64044827,-0.96590525,-0.5108546,0.60260952,0.61291039,0.94702971,0.0,0,0,1.0
788,0.85201055,0.25303105,0.45804924,-0.71777719,0.12336338,0.75343382,-0.64566475,-0.96718132,-0.50853837,0.60670376,0.61079359,0.94587296,0.0,0,0,1.0
789,0.85394162,0.25528744,0.45317516,-0.7183075,0.12331684,0.74696022,-0.65315175,-0.96931303,-0.50530022,0.61372256,0.60645348,0.94461149,0.0,0,0,1.0
790,0.88964492,0.13505787,0.43615115,-0.53096873,-0.044432499,0.97629988,-0.21168312,-0.61623901,-0.4544163,0.16895261,0.87458622,0.096008405,0.0,0,0,1.0
791,0.85685658,0.25499147,0.4478074,-0.71762103,0.1206264,0.74550486,-0.65531325,-0.97002935,-0.50099641,0.61561215,0.60810667,0.94321257,0.0,0,0,1.0
792,0.85947078,0.25410095,0.44328091,-0.71870232,0.12033968,0.74239886,-0.65888238,-0.96970999,-0.49656782,0.61972016,0.60756636,0.94316721,0.0,0,0,1.0
793,0.86164314,0.25214455,0.44016957,-0.71959507,0.12096982,0.7404533,-0.66095287,-0.97234935,-0.49263424,0.62283903,0.60757923,0.94219047,0.0,0,0,1.0
794,0.86307222,0.24961193,0.43881106,-0.72015876,0.12099645,0.74150348,-0.65976924,-0.97518176,-0.49011952,0.62260944,0.60984373,0.94077837,0.0,0,0,1.0
795,0.86424494,0.24911569,0.43677992,-0.72026217,0.12010626,0.74113333,-0.66034746,-0.97316682,-0.48826814,0.62324852,0.61067545,0.94154859,0.0,0,0,1.0
796,0.86627394,0.24793114,0.43342143,-0.72049993,0.11955283,0.73968679,-0.66206747,-0.9726845,-0.48479596,0.62543547,0.6112057,0.94168812,0.0,0,0,1.0
797,0.86928737,0.24412996,0.42952791,-0.72046453,0.11934649,0.73978192,-0.66199827,-0.97376204,-0.47942275,0.62681657,0.61402267,0.94142503,0.0,0,0,1.0
798,0.87345028,0.24154477,0.42248648,-0.72035968,0.11713054,0.73817688,-0.66418207,-0.97187346,-0.47235081,0.62970358,0.61654443,0.94224226,0.0,0,0,1.0
799,0.87709677,0.23783462,0.41700098,-0.71934056,0.11620335,0.73753363,-0.66505879,-0.97399056,-0.46577692,0.63186568,0.61932749,0.9408986,0.0,0,0,1.0
800,0.87991416,0.23232456,0.41416186,-0.72030026,0.11672,0.73949039,-0.66279155,-0.97556657,-0.46030158,0.63162845,0.62364787,0.94017076,0.0,0,0,1.0
801,0.88809866,0.13609016,0.43897218,-0.52940494,-0.043938819,0.97589403,-0.21364805,-0.62245536,-0.45747837,0.17046176,0.87269491,0.10307918,0.0,0,0,1.0
802,0.88284707,0.23170395,0.40822497,-0.72004569,0.11317983,0.73884588,-0.66412318,-0.97274953,-0.45554486,0.63261002,0.62614071,0.94147462,0.0,0,0,1.0
803,0.88648933,0.23043954,0.40098292,-0.71803778,0.11015282,0.73677069,-0.66693151,-0.97215128,-0.4491688,0.63548547,0.62783307,0.94103843,0.0,0,0,1.0
804,0.88982117,0.22723305,0.39539391,-0.71815908,0.10839487,0.73668933,-0.66730922,-0.97349519,-0.44296551,0.63673311,0.63096857,0.93973625,0.0,0,0,1.0
805,0.89809591,0.22300942,0.37873885,-0.71632653,0.10184969,0.73256451,-0.67285794,-0.97152132,-0.427551,0.64295495,0.63527805,0.93898386,0.0,0,0,1.0
806,0.9022885,0.21866974,0.37122962,-0.7172181,0.10036892,0.73114628,-0.67462075,-0.97306287,-0.41898805,0.6460523,0.63783592,0.93843192,0.0,0,0,1.0
807,0.90746361,0.21606374,0.35996971,-0.71652865,0.095780648,0.72815549,-0.67851114,-0.97193354,-0.40876019,0.65029281,0.64015907,0.9389745,0.0,0,0,1.0
808,0.91225791,0.21332325,0.34932879,-0.7167359,0.091094732,0.72613811,-0.68131262,-0.9738515,-0.39904433,0.6534456,0.64307225,0.93767136,0.0,0,0,1.0
809,0.91497457,0.20938382,0.34457448,-0.7168476,0.089578539,0.72757655,-0.67997772,-0.97692412,-0.3931236,0.65311956,0.64703786,0.9361375,0.0,0,0,1.0
810,0.91816944,0.20604727,0.33802471,-0.71684498,0.087309361,0.72734874,-0.68051594,-0.97491848,-0.38612261,0.65443277,0.64992017,0.9369548,0.0,0,0,1.0
811,0.92329842,0.20199065,0.3262988,-0.71605092,0.082727455,0.72542,-0.68314195,-0.97348201,-0.37473303,0.6578294,0.65314996,0.936198,0.0,0,0,1.0
812,0.88553417,0.13365711,0.44486085,-0.53365618,-0.039001577,0.97569561,-0.21550427,-0.62593168,-0.46286535,0.17349534,0.86924964,0.11942211,0.0,0,0,1.0
813,0.92736304,0.19771877,0.31726336,-0.7148068,0.079797596,0.72432923,-0.68464607,-0.97437769,-0.36521059,0.66032422,0.65601999,0.93485641,0.0,0,0,1.0
814,0.93116206,0.19488016,0.307749,-0.71395433,0.076833226,0.72067195,-0.68883169,-0.97197938,-0.3560648,0.66515183,0.65617061,0.93475449,0.0,0,0,1.0
815,0.93567598,0.19194114,0.29566813,-0.71236193,0.072484449,0.71597791,-0.69417715,-0.97191101,-0.34497091,0.67104954,0.65609205,0.93343884,0.0,0,0,1.0
816,0.93974787,0.18751836,0.28541401,-0.70952469,0.069075435,0.71401501,-0.69654238,-0.97466898,-0.33444118,0.6743831,0.65812296,0.93102503,0.0,0,0,1.0
817,0.94391924,0.18243976,0.27474102,-0.70897812,0.066713467,0.7101149,-0.70074683,-0.97254634,-0.32297739,0.67987174,0.65820175,0.93066233,0.0,0,0,1.0
818,0.9497,0.17575011,0.2587122,-0.70547724,0.061850213,0.70522082,-0.70611483,-0.97298157,-0.30658275,0.68669391,0.65895993,0.93014264,0.0,0,0,1.0
819,0.95470572,0.16886371,0.24448277,-0.70105624,0.056467995,0.70460963,-0.70717508,-0.9758898,-0.2917133,0.68904525,0.66324192,0.92783588,0.0,0,0,1.0
820,0.95778674,0.16641213,0.23388274,-0.70303428,0.051750824,0.70124406,-0.7108717,-0.97287798,-0.28233767,0.69306326,0.66311288,0.92809021,0.0,0,0,1.0
821,0.96158737,0.16391118,0.21961805,-0.70258212,0.04484323,0.69639367,-0.71608984,-0.97348922,-0.2703456,0.69852835,0.66237563,0.92701656,0.0,0,0,1.0
822,0.96533471,0.15853389,0.2067489,-0.69984365,0.038936809,0.69676703,-0.71607214,-0.97706085,-0.257606,0.69939655,0.66652364,0.92458099,0.0,0,0,1.0
823,0.88402486,0.13675988,0.44691458,-0.53309149,-0.039071936,0.97448313,-0.22090931,-0.63560009,-0.46573526,0.17783691,0.86683583,0.13413036,0.0,0,0,1.0
824,0.96862823,0.15388769,0.19449209,-0.70333117,0.033623483,0.69539922,-0.71766907,-0.97412121,-0.24571735,0.70179152,0.6684925,0.92291033,0.0,0,0,1.0
825,0.9723407,0.14965041,0.17862532,-0.7142241,0.027349176,0.68786645,-0.72515559,-0.96951652,-0.231416,0.71008229,0.66483086,0.92031074,0.0,0,0,1.0
826,0.97604644,0.1420912,0.16398677,-0.7419517,0.022480257,0.68538505,-0.72766793,-0.97086203,-0.21581343,0.71402353,0.6658566,0.91003543,0.0,0,0,1.0
827,0.97838151,0.13604954,0.15494488,-0.76226783,0.019641552,0.68644446,-0.72675103,-0.97148252,-0.20525818,0.7141825,0.66901582,0.90251654,0.0,0,0,1.0
828,0.97993827,0.13230208,0.1482065,-0.76384389,0.017578255,0.68524778,-0.72793239,-0.97044581,-0.19788735,0.71603328,0.66925836,0.90091872,0.0,0,0,1.0
829,0.98154777,0.12882411,0.14041354,-0.76292527,0.01495594,0.68242359,-0.73063898,-0.96959585,-0.18996681,0.71935683,0.66798794,0.8993277,0.0,0,0,1.0
830,0.98321563,0.12607585,0.13091895,-0.75765896,0.010939687,0.67786574,-0.73494041,-0.96936309,-0.18142419,0.72413725,0.66519189,0.89909202,0.0,0,0,1.0
831,0.98508495,0.12206916,0.12022714,-0.76595217,0.00675222,0.67342627,-0.7390607,-0.96922266,-0.17119995,0.72894996,0.66264033,0.89494956,0.0,0,0,1.0
832,0.98674816,0.11705504,0.11123835,-0.77805603,0.003803211,0.67175031,-0.74060494,-0.97157824,-0.1614342,0.73131454,0.66248578,0.88875908,0.0,0,0,1.0
833,0.98828959,0.11225606,0.10212675,-0.79348242,0.000260419,0.67161369,-0.74073839,-0.97131109,-0.1517593,0.73219168,0.66380233,0.88285768,0.0,0,0,1.0
834,0.88237441,0.13774782,0.44986269,-0.5329355,-0.037363205,0.97365034,-0.22484152,-0.63820773,-0.46899357,0.18159564,0.86429596,0.14160584,0.0,0,0,1.0
835,0.98926461,0.1093931,0.09558285,-0.79256159,-0.002641565,0.67133611,-0.74098527,-0.97162992,-0.14524338,0.73287928,0.66450089,0.88102967,0.0,0,0,1.0
836,0.98999822,0.10607567,0.09164387,-0.79712355,-0.003220348,0.67071742,-0.74154282,-0.97067982,-0.14014274,0.73393238,0.6644336,0.87870139,0.0,0,0,1.0
837,0.99106646,0.10285594,0.083396778,-0.80271649,-0.0066334,0.66750342,-0.74441439,-0.96967286,-0.13225016,0.73731267,0.66230524,0.87626576,0.0,0,0,1.0
838,0.99209911,0.098773159,0.075697012,-0.81523275,-0.009723463,0.66788357,-0.74403924,-0.97243685,-0.12406213,0.73752642,0.66364992,0.87005246,0.0,0,0,1.0
839,0.99211973,0.09855812,0.075705923,-0.82239413,-0.009611853,0.66812247,-0.74382597,-0.97234249,-0.12390517,0.73733866,0.6638878,0.8680687,0.0,0,0,1.0
840,0.99306828,0.093383819,0.069579564,-0.82066107,-0.011055638,0.67031103,-0.74183387,-0.97270906,-0.11592863,0.73602444,0.66678047,0.86714983,0.0,0,0,1.0
841,0.9942863,0.08765129,0.058807865,-0.8096959,-0.014876053,0.6678918,-0.74394566,-0.9709242,-0.10449723,0.73892254,0.66546309,0.87002957,0.0,0,0,1.0
842,0.99430466,0.087557442,0.058635786,-0.81865394,-0.014949998,0.66795135,-0.74389052,-0.97031683,-0.10431115,0.73887968,0.66553974,0.86781228,0.0,0,0,1.0
843,0.99548668,0.080566585,0.047551077,-0.84438819,-0.01841322,0.66702002,-0.74464798,-0.97209275,-0.091722034,0.74051434,0.66557688,0.85904193,0.0,0,0,1.0
844,0.99615943,0.075281873,0.041771051,-0.86487943,-0.019717338,0.67172158,-0.74037594,-0.97490704,-0.0838053,0.73681122,0.67071062,0.85223132,0.0,0,0,1.0
845,0.8805815,0.13876335,0.45305225,-0.53373718,-0.036007978,0.97296351,-0.22801258,-0.64384258,-0.47245646,0.18447977,0.86179543,0.15699065,0.0,0,0,1.0
846,0.99667406,0.071666688,0.035361078,-0.87007886,-0.022232292,0.67361671,-0.73858035,-0.97168022,-0.076760545,0.73544008,0.67305464,0.85164821,0.0,0,0,1.0
847,0.99671614,0.071309716,0.034888759,-0.89452648,-0.022401281,0.67420602,-0.73803711,-0.97077376,-0.076160505,0.73493439,0.67367464,0.84491444,0.0,0,0,1.0
848,0.99727643,0.066095605,0.028562821,-0.9356097,-0.023538951,0.67412663,-0.73807412,-0.96757686,-0.068046577,0.7354942,0.67393172,0.83384198,0.0,0,0,1.0
849,0.99767095,0.062421486,0.022367388,-1.0165738,-0.025840469,0.67663288,-0.73569983,-0.96404994,-0.061065376,0.73351073,0.67675579,0.81157506,0.0,0,0,1.0
850,0.99793816,0.060429748,0.014538877,-1.1233174,-0.030606329,0.68134964,-0.73114961,-0.95841074,-0.054095864,0.72929901,0.68188095,0.78227192,0.0,0,0,1.0
851,0.99816662,0.057804674,0.008099401,-1.2075179,-0.033580951,0.68219817,-0.73022699,-0.95100224,-0.047741845,0.72871804,0.68297541,0.76035041,0.0,0,0,1.0
852,0.99811888,0.058776002,0.006900665,-1.2830771,-0.035202995,0.68340749,-0.72901869,-0.94714004,-0.047570676,0.7275061,0.68427807,0.74020845,0.0,0,0,1.0
853,0.99824786,0.056957409,0.000320544,-1.3272127,-0.038598377,0.68060833,-0.73146129,-0.94465339,-0.04188557,0.73026943,0.68170118,0.72858006,0.0,0,0,1.0
854,0.99834132,0.054999221,-0.005726417,-1.3276097,-0.041659143,0.68000245,-0.73185652,-0.94759321,-0.036362205,0.73098338,0.6812526,0.727651,0.0,0,0,1.0
855,0.99845064,0.051980585,-0.011716854,-1.3187773,-0.04398527,0.67993426,-0.73178339,-0.94749516,-0.030075774,0.73126727,0.68125409,0.73081309,0.0,0,0,1.0
856,0.87752479,0.13775599,0.4592478,-0.53625494,-0.031751398,0.97240496,-0.2310079,-0.64823687,-0.47841108,0.18814319,0.85770851,0.17284097,0.0,0,0,1.0
857,0.9985283,0.048000429,-0.019488337,-1.3129811,-0.046910271,0.6781584,-0.73324788,-0.94710565,-0.02198305,0.73318565,0.67949879,0.73190451,0.0,0,0,1.0
858,0.99846548,0.044619218,-0.028605817,-1.2996342,-0.051251229,0.67527062,-0.73561859,-0.94928664,-0.013508112,0.73605895,0.67660737,0.7344532,0.0,0,0,1.0
859,0.99847496,0.044462599,-0.028518543,-1.2919562,-0.051076438,0.67502946,-0.73585206,-0.94941324,-0.013469088,0.73628962,0.67635715,0.73673803,0.0,0,0,1.0
860,0.99824089,0.040026732,-0.040685236,-1.2815206,-0.057035521,0.67354196,-0.73677671,-0.95232117,-0.002088307,0.73790449,0.67472607,0.73800278,0.0,0,0,1.0
861,0.9980951,0.034812003,-0.048337359,-1.2744057,-0.059158899,0.67422926,-0.73598003,-0.95396876,0.006969794,0.73754102,0.67509061,0.73876876,0.0,0,0,1.0
862,0.99798447,0.030689254,-0.053172819,-1.2691165,-0.059950057,0.67382514,-0.73628592,-0.95386088,0.013234105,0.73809314,0.67439312,0.73964059,0.0,0,0,1.0
863,0.99798137,0.030601857,-0.053279947,-1.2748972,-0.059966899,0.67400628,-0.73611838,-0.95366532,0.013385439,0.73793113,0.67456716,0.73797202,0.0,0,0,1.0
864,0.9977212,0.02671399,-0.059839461,-1.26034,-0.062255602,0.67145687,-0.73825496,-0.9548583,0.0204597,0.7404018,0.67167586,0.74121368,0.0,0,0,1.0
865,0.99752092,0.020984543,-0.065219544,-1.2528344,-0.06235636,0.67240006,-0.73738736,-0.95821929,0.02838262,0.73972982,0.67212772,0.7425034,0.0,0,0,1.0
866,0.99720562,0.016726257,-0.071013704,-1.2489539,-0.063648194,0.67515254,-0.73475718,-0.95837826,0.035658922,0.73732734,0.67441684,0.74329507,0.0,0,0,1.0
867,0.87716269,0.13818708,0.45980951,-0.53711849,-0.031793669,0.97227633,-0.23154303,-0.65212953,-0.47907171,0.18849167,0.85726315,0.17996612,0.0,0,0,1.0
868,0.99670869,0.01500963,-0.078026779,-1.2386003,-0.067684583,0.67469847,-0.73481321,-0.95763677,0.041619547,0.7377795,0.67358011,0.74625725,0.0,0,0,1.0
869,0.99669963,0.014867008,-0.078169785,-1.2422891,-0.067694716,0.67468566,-0.73482376,-0.95747072,0.04181971,0.7377938,0.6735518,0.7453087,0.0,0,0,1.0
870,0.99635988,0.011059253,-0.082983889,-1.2369885,-0.068591058,0.67608696,-0.73345089,-0.95861495,0.047997948,0.73657656,0.6744712,0.74657226,0.0,0,0,1.0
871,0.99590492,0.007198765,-0.088674083,-1.2309638,-0.069937758,0.67931998,-0.73032981,-0.95887011,0.054986462,0.73364371,0.67712861,0.74855661,0.0,0,0,1.0
872,0.99531931,0.005366156,-0.095142543,-1.2241776,-0.073254414,0.68157387,-0.7279008,-0.95777696,0.060947184,0.73156589,0.67886388,0.75104201,0.0,0,0,1.0
873,0.99530172,0.005580888,-0.095313288,-1.2304277,-0.073485665,0.68204623,-0.72743464,-0.95817667,0.060954902,0.73112369,0.67933917,0.7487638,0.0,0,0,1.0
874,0.99491447,0.003114666,-0.099380128,-1.2157629,-0.074636236,0.68368936,-0.72577286,-0.95737451,0.065691724,0.72960186,0.68053252,0.75380671,0.0,0,0,1.0
875,0.99442548,-0.0001856,-0.10420459,-1.2116667,-0.075683765,0.68600595,-0.7234745,-0.95684803,0.071627073,0.72743052,0.68225569,0.75553501,0.0,0,0,1.0
876,0.99441558,-0.000117605,-0.10430007,-1.2142173,-0.075776659,0.68623924,-0.72324359,-0.95713639,0.071667686,0.72721052,0.68248588,0.75457191,0.0,0,0,1.0
877,0.99401939,-0.002135737,-0.10798976,-1.2079526,-0.076827668,0.68868726,-0.72080165,-0.95631409,0.07591895,0.72488916,0.68449253,0.7566942,0.0,0,0,1.0
878,0.87377465,0.14324987,0.46468467,-0.53882563,-0.033071756,0.97089124,-0.23710831,-0.65679723,-0.48513782,0.1918212,0.85310286,0.19622499,0.0,0,0,1.0
879,0.99374449,-0.003687609,-0.11045094,-1.2077577,-0.077346943,0.69055253,-0.71895909,-0.95522285,0.078932114,0.72310621,0.68603581,0.75697678,0.0,0,0,1.0
880,0.99326658,-0.006655956,-0.11453484,-1.2000552,-0.078189254,0.6912055,-0.71823984,-0.9551605,0.083956979,0.72246063,0.6861192,0.758946,0.0,0,0,1.0
881,0.9932434,-0.006791072,-0.11472799,-1.2014949,-0.078237623,0.69119269,-0.71824676,-0.95505393,0.084186137,0.72247154,0.68607944,0.75856847,0.0,0,0,1.0
882,0.99260527,-0.00960837,-0.11993105,-1.1967158,-0.079873636,0.69274217,-0.71657151,-0.95548534,0.0899764,0.72095346,0.68694043,0.76006496,0.0,0,0,1.0
883,0.99211758,-0.012007758,-0.123691,-1.2037518,-0.080489673,0.69615722,-0.71318495,-0.95528752,0.094682708,0.71762025,0.68979204,0.75824147,0.0,0,0,1.0
884,0.99158365,-0.014165444,-0.12767881,-1.2071304,-0.081656866,0.69767165,-0.71157032,-0.95284021,0.09916871,0.71610832,0.69073188,0.75796837,0.0,0,0,1.0
885,0.99078912,-0.016679911,-0.13341422,-1.198545,-0.08393044,0.69837487,-0.71061546,-0.9531979,0.10503795,0.71536833,0.69063097,0.7599619,0.0,0,0,1.0
886,0.98980874,-0.01958202,-0.14012638,-1.1896163,-0.086546749,0.69959092,-0.70910352,-0.95399582,0.11192947,0.71410525,0.69085526,0.76194078,0.0,0,0,1.0
887,0.98984259,-0.019645799,-0.13987727,-1.1823759,-0.086330526,0.69954967,-0.70917058,-0.95442796,0.11179593,0.71414375,0.69083691,0.76378995,0.0,0,0,1.0
888,0.98913336,-0.022943072,-0.14432244,-1.1778139,-0.086948976,0.70126647,-0.70739722,-0.95452726,0.11745165,0.71235925,0.69174004,0.76472622,0.0,0,0,1.0
889,0.96209794,-0.028063646,0.27116746,-0.67433786,-0.038672991,0.97056001,0.23765534,-0.48704585,-0.26985884,-0.23913892,0.93270552,-0.27912363,0.0,0,0,1.0
890,0.87349987,0.14025062,0.46611401,-0.5380578,-0.030147078,0.97131431,-0.23576164,-0.66023552,-0.48582277,0.19189569,0.85269618,0.20309031,0.0,0,0,1.0
891,0.98850095,-0.02511752,-0.14823955,-1.1609746,-0.088256888,0.70117474,-0.70732599,-0.95473951,0.12172194,0.71237606,0.69098389,0.76870114,0.0,0,0,1.0
892,0.98759329,-0.027443347,-0.15377356,-1.1426364,-0.090833046,0.69989067,-0.70827073,-0.95605898,0.12707651,0.71355176,0.6888032,0.77276242,0.0,0,0,1.0
893,0.98717946,-0.030521343,-0.15583698,-1.1336602,-0.090012088,0.70081985,-0.70745635,-0.95713252,0.13082109,0.71251392,0.68917626,0.77496594,0.0,0,0,1.0
894,0.98714006,-0.030529344,-0.15608363,-1.1354126,-0.090147875,0.70101243,-0.70724803,-0.95750636,0.13102336,0.7123239,0.68933403,0.77419341,0.0,0,0,1.0
895,0.98688376,-0.03241979,-0.15731682,-1.1378946,-0.089254759,0.70349711,-0.70489001,-0.95646185,0.13353968,0.70978618,0.69146544,0.77343071,0.0,0,0,1.0
896,0.98603475,-0.034362908,-0.1621535,-1.1279892,-0.091530986,0.70261139,-0.70548123,-0.95567524,0.13818921,0.71057165,0.68974304,0.77551967,0.0,0,0,1.0
897,0.98602033,-0.034503434,-0.16221102,-1.1298444,-0.091466457,0.70265305,-0.70544827,-0.9556095,0.13833436,0.71052366,0.68976325,0.77496594,0.0,0,0,1.0
898,0.98541051,-0.037579488,-0.16520597,-1.127606,-0.091497786,0.70253265,-0.70556408,-0.95667499,0.14259373,0.71048677,0.68893337,0.7750231,0.0,0,0,1.0
899,0.9849363,-0.03978106,-0.16750121,-1.1256963,-0.091151655,0.70477605,-0.70336789,-0.95685065,0.1460484,0.70814097,0.69062251,0.77464026,0.0,0,0,1.0
900,0.98439324,-0.041825425,-0.17017484,-1.1111008,-0.091582924,0.70503557,-0.70305139,-0.95668328,0.14940198,0.70776457,0.69029087,0.77800256,0.0,0,0,1.0
901,0.87237418,0.14059359,0.4681145,-0.53835207,-0.029610524,0.97115362,-0.23648995,-0.66609859,-0.48787403,0.19245656,0.85139751,0.21948993,0.0,0,0,1.0
902,0.9838903,-0.043075308,-0.1727519,-1.1004009,-0.092532113,0.70513391,-0.70282835,-0.95720923,0.15210539,0.70759147,0.68987769,0.78082854,0.0,0,0,1.0
903,0.9838357,-0.042990565,-0.17308338,-1.1066201,-0.09276484,0.70542675,-0.70250344,-0.95734459,0.15231638,0.70730454,0.69012529,0.77882916,0.0,0,0,1.0
904,0.98286051,-0.044773143,-0.17809848,-1.0925078,-0.094553195,0.70790535,-0.69976634,-0.95860761,0.15742594,0.70471287,0.69162816,0.78199434,0.0,0,0,1.0
905,0.98188138,-0.046111595,-0.18308684,-1.0762734,-0.096623674,0.71028006,-0.69707197,-0.95850879,0.16220491,0.70223266,0.69304484,0.78532672,0.0,0,0,1.0
906,0.98133963,-0.048729733,-0.18530014,-1.0717618,-0.096252546,0.71073991,-0.69665426,-0.95753145,0.16566727,0.70159012,0.69287628,0.78567374,0.0,0,0,1.0
907,0.98136526,-0.04865481,-0.18518402,-1.0665529,-0.096357316,0.7101686,-0.69722182,-0.95673072,0.16545434,0.70217335,0.6923359,0.7878657,0.0,0,0,1.0
908,0.98090351,-0.050181702,-0.1872112,-1.0590067,-0.096637167,0.71054935,-0.69679475,-0.9589417,0.16800871,0.70168036,0.69222027,0.78798306,0.0,0,0,1.0
909,0.9800669,-0.051169902,-0.19128159,-1.0669193,-0.09845949,0.7120899,-0.69496429,-0.95835602,0.17179094,0.70004517,0.69294679,0.78492105,0.0,0,0,1.0
910,0.98001719,-0.051370304,-0.19148304,-1.0740061,-0.098426685,0.71223211,-0.69482291,-0.95814383,0.17209367,0.69988573,0.69303268,0.78295612,0.0,0,0,1.0
911,0.97876507,-0.05349233,-0.19722034,-1.0584277,-0.100925,0.71255398,-0.694134,-0.95837915,0.17768168,0.69939893,0.6921131,0.78603411,0.0,0,0,1.0
912,0.8711943,0.13981029,0.47054026,-0.53832906,-0.028211143,0.97123116,-0.23634242,-0.66700423,-0.49006045,0.1926356,0.8501004,0.22764084,0.0,0,0,1.0
913,0.97773528,-0.056500379,-0.20144403,-1.0453277,-0.10158474,0.71341878,-0.69314861,-0.95933896,0.18289849,0.69827986,0.69188404,0.78841317,0.0,0,0,1.0
914,0.97747087,-0.056677628,-0.20267375,-1.0442251,-0.10192681,0.71495479,-0.69151366,-0.95888728,0.18411745,0.69669247,0.69315958,0.78776199,0.0,0,0,1.0
915,0.97705531,-0.056493461,-0.20471916,-1.0335554,-0.10348723,0.71501583,-0.69121861,-0.95835888,0.18544847,0.69664466,0.69285262,0.7898615,0.0,0,0,1.0
916,0.97702855,-0.056536261,-0.2048353,-1.0293568,-0.10358482,0.71484476,-0.69138074,-0.9581635,0.18553522,0.69681668,0.69265634,0.79113054,0.0,0,0,1.0
917,0.97594118,-0.057399072,-0.2097214,-1.0261685,-0.10641105,0.7149387,-0.69085407,-0.9595198,0.1896145,0.69664979,0.69171882,0.79021227,0.0,0,0,1.0
918,0.97521001,-0.059090655,-0.21263255,-1.010357,-0.10714842,0.71542645,-0.69023478,-0.95932555,0.19293196,0.69600719,0.69144827,0.7942667,0.0,0,0,1.0
919,0.97445679,-0.060412444,-0.21569137,-1.0051696,-0.10790059,0.71714175,-0.6883347,-0.95957553,0.19628832,0.69412571,0.69239414,0.7945354,0.0,0,0,1.0
920,0.97447205,-0.060708251,-0.21553962,-1.0040127,-0.1075321,0.71732843,-0.68819767,-0.96021944,0.19641504,0.6939069,0.69257754,0.79450846,0.0,0,0,1.0
921,0.97338253,-0.061153788,-0.22028407,-0.99713463,-0.11031432,0.71821254,-0.6868335,-0.96012241,0.20023684,0.69295222,0.6924386,0.79569161,0.0,0,0,1.0
922,0.97232097,-0.06197574,-0.22469768,-0.99347824,-0.11241402,0.71969134,-0.68494225,-0.96005857,0.20418689,0.69134271,0.69289345,0.79619026,0.0,0,0,1.0
923,0.87080127,0.13402285,0.47294533,-0.53920257,-0.02457723,0.97275597,-0.23040199,-0.67587256,-0.49095365,0.18902048,0.85039645,0.2422504,0.0,0,0,1.0
924,0.97105587,-0.062189512,-0.2300459,-0.9861697,-0.11555561,0.72126901,-0.68275625,-0.96029818,0.20840994,0.68967718,0.6932956,0.79687262,0.0,0,0,1.0
925,0.97029358,-0.062736616,-0.23309328,-0.96485722,-0.11706338,0.72208101,-0.68164003,-0.96059662,0.21110107,0.68877721,0.69337595,0.80179101,0.0,0,0,1.0
926,0.97002953,-0.064012535,-0.23384432,-0.95496291,-0.11630443,0.72332448,-0.68045044,-0.96066171,0.21272795,0.68735355,0.6942907,0.80358261,0.0,0,0,1.0
927,0.96856308,-0.065906987,-0.23933181,-0.94051367,-0.11836478,0.72473758,-0.67858887,-0.96148407,0.21820246,0.68568385,0.69424248,0.80582178,0.0,0,0,1.0
928,0.96658462,-0.068731762,-0.24643016,-0.9242326,-0.12109327,0.72548324,-0.67730933,-0.96230912,0.22536047,0.68461704,0.69300729,0.80860984,0.0,0,0,1.0
929,0.96656412,-0.069040947,-0.24642412,-0.92913419,-0.12083178,0.72559822,-0.67723262,-0.96225828,0.2255886,0.6844638,0.69308424,0.80723894,0.0,0,0,1.0
930,0.96537405,-0.072132558,-0.25017461,-0.91355556,-0.12109861,0.72610062,-0.67664623,-0.96304905,0.23048769,0.68361163,0.69231272,0.81010574,0.0,0,0,1.0
931,0.96435118,-0.074009873,-0.25354826,-0.90451729,-0.1218776,0.72684199,-0.67570961,-0.96299094,0.23432675,0.68262225,0.69199985,0.81174254,0.0,0,0,1.0
932,0.96265888,-0.074541382,-0.25974753,-0.89139837,-0.12537067,0.72819549,-0.67360997,-0.96429616,0.23938748,0.68112028,0.69174755,0.81362945,0.0,0,0,1.0
933,0.96072298,-0.076544739,-0.26625097,-0.87547749,-0.12793431,0.7297653,-0.6714254,-0.964791,0.24572426,0.67921513,0.6913985,0.81663537,0.0,0,0,1.0
934,0.86897242,0.13439889,0.47619084,-0.54130846,-0.021538077,0.97173876,-0.23495311,-0.68175447,-0.49432492,0.19392154,0.84733427,0.25986674,0.0,0,0,1.0
935,0.95942307,-0.077615514,-0.27059263,-0.84521234,-0.12950125,0.73168463,-0.6690318,-0.96654248,0.2499457,0.6770249,0.69203264,0.82319015,0.0,0,0,1.0
936,0.95763439,-0.076713763,-0.27710772,-0.81705821,-0.13410874,0.73322392,-0.66643399,-0.96767622,0.2543371,0.67546058,0.69196123,0.82957989,0.0,0,0,1.0
937,0.95514721,-0.076481827,-0.2856243,-0.78578216,-0.13963543,0.73469347,-0.66367447,-0.96913958,0.26063669,0.67388797,0.69114971,0.83611476,0.0,0,0,1.0
938,0.95288265,-0.077590704,-0.29279819,-0.76041323,-0.14338772,0.73581773,-0.66162544,-0.97057581,0.26681429,0.67253292,0.6901114,0.84147418,0.0,0,0,1.0
939,0.95108718,-0.076713011,-0.29880518,-0.72690988,-0.14764903,0.73714519,-0.65920585,-0.97226858,0.2708652,0.67117834,0.68985182,0.84906405,0.0,0,0,1.0
940,0.94992435,-0.07481014,-0.30295694,-0.63766849,-0.15104921,0.73918778,-0.65614074,-0.97819662,0.27306113,0.66914326,0.69096178,0.86923951,0.0,0,0,1.0
941,0.94727463,-0.073388904,-0.31148079,-0.63030386,-0.1574274,0.74044245,-0.65322018,-0.97706854,0.27860653,0.66791207,0.68993813,0.87046838,0.0,0,0,1.0
942,0.94727731,-0.073556572,-0.31143317,-0.63120979,-0.15721416,0.74058855,-0.65310591,-0.97732246,0.27871794,0.66773164,0.69006783,0.87004733,0.0,0,0,1.0
943,0.94408959,-0.074785918,-0.32068238,-0.62839413,-0.1624653,0.74118322,-0.65114301,-0.97737402,0.28641567,0.66693473,0.68768239,0.86976087,0.0,0,0,1.0
944,0.9403832,-0.07567481,-0.33119181,-0.62508368,-0.16845089,0.74262124,-0.64797586,-0.97758633,0.29502159,0.66523248,0.68569005,0.86942619,0.0,0,0,1.0
945,0.86959594,0.13391522,0.47518802,-0.54260153,-0.020452717,0.97142822,-0.23633032,-0.68353397,-0.49327359,0.19580303,0.84751427,0.26742384,0.0,0,0,1.0
946,0.93725687,-0.076106809,-0.33984163,-0.62391531,-0.17335925,0.74426842,-0.64478314,-0.97716081,0.30204281,0.66333938,0.68446583,0.8687157,0.0,0,0,1.0
947,0.93500119,-0.0761014,-0.34600019,-0.62225908,-0.17735447,0.74480188,-0.64307815,-0.97597796,0.30667838,0.66274095,0.68298268,0.86823332,0.0,0,0,1.0
948,0.93289435,-0.076543055,-0.35154533,-0.61920935,-0.18105835,0.74437267,-0.64254272,-0.97565836,0.31090111,0.66317219,0.68065101,0.86787152,0.0,0,0,1.0
949,0.92988884,-0.077733293,-0.35916451,-0.61662692,-0.1851134,0.74511558,-0.64052308,-0.9766959,0.31744802,0.66219872,0.67857355,0.86702883,0.0,0,0,1.0
950,0.92731553,-0.078971036,-0.36549172,-0.61355305,-0.1879373,0.74647528,-0.63811302,-0.97557831,0.32326269,0.66051871,0.6774646,0.86693728,0.0,0,0,1.0
951,0.92555422,-0.079681434,-0.36977676,-0.61218423,-0.19013786,0.74697644,-0.6368733,-0.97497213,0.32700175,0.65986633,0.67630482,0.86602974,0.0,0,0,1.0
952,0.92447388,-0.080827363,-0.37222257,-0.61035073,-0.19099514,0.74701321,-0.63657331,-0.97463167,0.3295483,0.65968513,0.67524439,0.86579901,0.0,0,0,1.0
953,0.92299068,-0.081350148,-0.37577236,-0.60753727,-0.19215521,0.7488277,-0.6340875,-0.97478747,0.33301279,0.65756023,0.67561686,0.86547709,0.0,0,0,1.0
954,0.9205398,-0.082310848,-0.38153127,-0.60380888,-0.19474974,0.75016129,-0.63171506,-0.97447336,0.33824861,0.65591848,0.67461079,0.86507452,0.0,0,0,1.0
955,0.91804206,-0.083548605,-0.38723797,-0.601376,-0.19803774,0.74969852,-0.63124222,-0.97422338,0.34309331,0.65629101,0.6717959,0.86497819,0.0,0,0,1.0
956,0.86906004,0.14048989,0.47426873,-0.54325497,-0.026635103,0.97069108,-0.23873098,-0.68859404,-0.49392208,0.19484937,0.84735608,0.28358632,0.0,0,0,1.0
957,0.86745429,0.14057955,0.4771727,-0.54560751,-0.025105599,0.97036111,-0.24023344,-0.69335097,-0.49681619,0.19642185,0.84529841,0.29892614,0.0,0,0,1.0
958,0.86706251,0.13988724,0.47808731,-0.54587531,-0.02349655,0.97015011,-0.24124572,-0.69520599,-0.49757811,0.19795181,0.84449279,0.30645654,0.0,0,0,1.0
959,0.86469787,0.13554592,0.48358834,-0.55058694,-0.019060861,0.97102773,-0.2380845,-0.69864267,-0.50186372,0.19666362,0.84225458,0.32285428,0.0,0,0,1.0
